num,year_grade,book,chapter_num,chapter_name,section_num,section_name,knowledge_points,section_summar請提供具體的範圍資訊來取得相關知識點和小節大綱。
1,7,第一冊,1,認識位置與地圖,1,如何表示位置,座標系統、比例尺,本節主要介紹了如何在地圖上表示位置的基礎概念。首先，通過建立座標系統，講解了如何使用橫軸和縱軸來確定一個點在地圖或平面的具體位置，幫助學生理解數學坐標與地理位置的關係。其次，介紹了比例尺的概念，讓學生學會如何根據比例尺將地圖上的距離換算成實際距離，這對於正確判斷兩點間的實際距離至關重要。通過這些知識，學生可以更好地理解和應用地圖，增強空間概念及解決實際問題的能力。
2,7,第一冊,1,認識位置與地圖,2,經緯線網格,經線、緯線,本節主要介紹經緯線網格的概念及其在地圖中的應用。我們先學習經線和緯線的定義，經線是指從北極到南極並與地球自轉軸平行的假想線，重點經線有本初子午線和國際日界線；緯線則是環繞地球赤道平行的圓形線，具代表性的是赤道和南北回歸線。接下來，我們探討經緯線如何組成網格，幫助定位地球表面上的任何地點，經緯度數值的組合能提供具體的座標信息，實現精確定位。此外，本章還介紹了使用經緯線進行測繪和導航的基本方法及應用，強調其在現代地理學及導航中的重要性。
3,7,第一冊,1,認識位置與地圖,3,位置與生活的關聯,地理位置、生活便利性,本節主要探討地理位置對於人們日常生活的影響，以及如何利用地圖工具來增進生活便利性。首先，地理位置不僅影響人們的日常出行，更關係到教育、就業及社會活動等方面。而使用地圖這一工具，可以更有效率地規劃旅行、探尋新地方和擬定生活計畫。接著，通過具體例子，闡述地理位置如何決定生活條件，例如在交通便利的市中心居住能使通勤時間縮短，增加了可支配的休閒時間。此外，學習如何讀懂地圖符號、方位及比例尺，能幫助學生培養空間思維，讓他們在實際生活中更自如地運用導航技能。
4,7,第一冊,1,認識位置與地圖,4,如何閱讀地圖,比例尺、圖例,本節引導學生學習如何閱讀地圖，首先讓學生理解地圖上的比例尺概念，這是解讀地圖中實際距離與地圖距離轉換的重要因素，協助正確判斷地圖上的真實距離。接著，介紹圖例的使用方法，地圖圖例為地圖上不同符號與顏色所代表的地理意義提供了參考，學生能夠藉此解讀地圖中各種資訊，如地形、水域、道路等。此外，本節還可能涵蓋方向標記的解讀及重要地理名詞的理解，使學生能夠綜合這些知識有效閱讀地圖與應用於日常生活中，如規劃旅行路線或辨識周遭環境特徵。學會閱讀地圖將增強學生的空間思維能力和地理素養，為他們日後的學習提供重要支持。
5,7,第一冊,2,世界中的臺灣,1,全球海陸分布,海洋與陸地的比例、重要的海峽與通道,本節介紹了臺灣在全球海陸分布中的地理位置，重點強調海洋與陸地的比例以及世界各大洲的分布。臺灣位於亞洲的東南部，鄰近太平洋，因而受海洋的影響較大。海洋覆蓋了地球表面的大部分，因此全球氣候、洋流水文以及氣象現象對地區的影響甚鉅。此外，本節還探討了臺灣海峽的重要性，以及其他一些全球重要的海峽與通道對於國際間航運的影響，提及這些水域在經濟和戰略上的價值。在理解這些基本概念的基礎上，學生將能夠更好地認識臺灣在全球海陸格局中的角色和意義。
6,7,第一冊,2,世界中的臺灣,2,臺灣的位置及其影響,海洋位置、地理影響,本節探討臺灣的位置及其對國家與地區的影響力。首先，臺灣位於東亞的海洋位置，位於太平洋西側，鄰近中國、日本及菲律賓，是亞太地區的重要戰略位置之一。這使得臺灣在經貿上成為航運及物流的要衝，並且吸引外資投資與國際科技企業的進駐。同時，臺灣的地形和氣候條件，使其具備豐富的自然資源及多元化的生態環境，這也影響著臺灣的農業、旅遊業和經濟發展。此外，由於其地理位置，臺灣也常面臨自然災害，如颱風和地震，這也帶來挑戰與風險管理的需求。總體而言，臺灣的地理位置對其政治、經濟和文化皆具關鍵影響。
7,7,第一冊,2,世界中的臺灣,3,臺灣地區的範圍,臺灣的地理範圍、海域和島嶼地位,本節探討了臺灣地區的範圍，涵蓋其在地理上的位置及邊界劃定。重點介紹臺灣位於亞洲東部，東臨太平洋，西接中國福建省，具有重要的地緣位置，並且闡述了其專屬經濟海域的範圍及在國際法中的地位。進一步分析了臺灣周圍的附屬島嶼，如澎湖群島、金門、馬祖及釣魚臺列嶼等，這些島嶼的法律地位、地理意義及戰略位置，通過這些知識點的解析，讀者可以更清晰地理解臺灣在世界地圖上的位置以及其相關的國際地位及衝突源頭。
8,7,第一冊,3,地形,1,地形如何被形塑,侵蝕作用、沉積作用,本節探討地形的形成過程，主要著眼於侵蝕作用和沉積作用兩個主要力量。侵蝕作用由風、水和冰等自然力量驅動，逐漸磨損和改變地球表面的地形特徵，而沉積作用則是沉積物堆積形成新地形的過程。課程中首先介紹了各種地形如山脈、河谷和沙漠的形成機制，接著分析了不同地貌在自然界中的分佈和特徵。理解這些作用有助於解釋自然景觀的多樣性和復雜性，同時也強調了人類活動對地貌變遷可能帶來的影響。
9,7,第一冊,3,地形,2,常見的地形表示方法,地形圖、等高線,本節介紹了地形的基本概念和地形圖的應用，地形圖是一種用於描述地表形狀的地圖，能夠提供詳細的地形信息，如山脊、山谷、平原等。地形圖上的等高線是地形圖中最常見的表示方法之一，等高線是連接地表等高點的曲線，通過觀察等高線的形狀和間距，可以了解地勢的起伏和坡度。等高線密集的區域表示地勢陡峭，等高線疏鬆則表示地勢平緩。掌握地形圖及等高線的判讀技巧，可有效提升地理學習和實地考察的能力。
10,7,第一冊,3,地形,3,臺灣地形的特徵與分布,山脈分布、地形特徵與影響,在本節中，我們探討了臺灣地形的特徵與分布。臺灣島因地質活動而形成，其地形多樣且具獨特性，山脈主要分布在中央山脈、雪山山脈、玉山山脈和阿里山山脈，這些山脈自北向南延伸，成為重要的地形骨架。臺灣地形呈現東高西低的特徵，東部山脈壯麗險峻，西部則為相對平緩的平原與盆地。這種地形差異對臺灣的氣候、交通和農業發展具有深遠影響，如山脈阻擋東北季風導致東西側降雨分布不均，以及平原區成為主要的農業與聚居地區。
11,7,第一冊,4,海岸與島嶼,1,海岸的類型與特色,侵蝕作用、沉積作用,本節介紹了海岸的類型與特色，海岸可依據不同的地質和水文條件而分為岩石海岸、沙岸和礁岩海岸等類型。岩石海岸由於長期受到波浪的侵蝕作用，往往形成峭壁和海蝕平台等地形特徵；而沙岸則是在沉積作用下形成的，通常較平坦，且沙粒的組成受到當地河流輸送物質的影響。除此之外，海岸地形的形成還受到潮汐、洋流等多種自然因素影響，這些地形不僅美麗，還提供了重要的生態和經濟價值。
12,7,第一冊,4,海岸與島嶼,2,臺灣的海岸與利用,海岸地形、海岸開發,本節介紹了臺灣海岸的多樣性以及其對人類活動的重要性。臺灣的海岸地形包括沙灘、礁岩和平原等多種形式，影響了該區域的生物多樣性和生態系統。海岸開發涉及港口建設、旅遊規劃和漁業活動等，不僅促進經濟發展，也帶來環境挑戰。因海岸線長而曲折，臺灣擁有豐富的海洋資源，這給予人們必要的自然條件來進行多方利用。區域環境保護亦成為一大議題，需要透過政策與科技手段來降低開發對環境的負面影響。
13,7,第一冊,4,海岸與島嶼,3,臺灣離島的成因,板塊運動、火山噴發,本節討論臺灣離島形成的自然地理過程，主要探究了板塊運動和火山噴發對離島形成的影響。臺灣位於歐亞板塊和菲律賓海板塊交界處，板塊運動的結果導致了一些地形變化，形成離島。火山活動尤其影響龜山島、綠島等火山島的出現，其地質與火山噴發密切相關。透過了解這些自然地理現象，我們可以更深入理解臺灣離島的演變過程及其獨特的地質結構，以及它們在地貌和生態上所扮演的重要角色。
14,7,第一冊,5,天氣與氣候,1,臺灣的天氣,氣候特徵、影響因素,臺灣的天氣多變且具有獨特的氣候特徵，受到其地理位置和地形影響明顯。北回歸線橫跨，導致全島屬於亞熱帶氣候，但南北部氣候差異顯著，南部有熱帶季風氣候的影響。臺灣四季分明，其中夏季受西南季風影響，雨量充沛且常有颱風侵襲；冬季則受東北季風支配，尤其對北部帶來較多降雨。地形方面，中央山脈阻隔東西部，使氣候呈現多樣化。此外，地球暖化也對臺灣天氣型態產生影響，例如降雨型態改變、氣象災害頻率增加等。了解這些影響因素有助於準確預測天氣變化，並採取有效措施應對氣候挑戰。無論是農業發展還是防災準備，皆需考慮到這些多變的天氣條件。
15,7,第一冊,5,天氣與氣候,2,臺灣的氣候,季風環流、降雨分布,臺灣的氣候受季風環流影響，主要分為夏季和冬季季風。夏季時，高溫高濕且雨量豐沛;冬季則受北方冷空氣影響，氣溫較低且較為乾燥。此外，臺灣的地形使得降雨分布不均，西部平原降水較少，而中部和東部山區因迎風面效應則降水豐沛。這種地理和氣候特性，影響了農業、生活模式和文化發展。因此，了解臺灣氣候的特性對於應對自然災害及制定相關政策具重要意義。知識點包括季風環流與地形對降雨分布的影響。
16,7,第一冊,5,天氣與氣候,3,臺灣的氣候特徵,季風氣候、雨季分明,本節介紹了臺灣的氣候特徵，主要受季風影響，屬於亞熱帶到熱帶季風氣候。春季和夏季受太平洋高壓影響，導致炎熱潮濕的夏季；冬季則因西伯利亞高壓而偏涼。臺灣的降雨量分布不均，集中於梅雨和颱風季節，形成顯著的雨季。此外，受到地形影響，東西部降雨差異明顯，東部較多雨。這種氣候特徵對臺灣的農業、生活以及自然環境產生深遠影響，需合理利用水資源，並加強颱風等氣候災害的防範措施。
17,7,第一冊,5,天氣與氣候,4,臺灣的氣象災害,颱風、地震,本節主要介紹臺灣常見的氣象災害，特別是颱風和地震。由於臺灣的地理位置特殊，位處於環太平洋地震帶和熱帶氣旋發生頻繁的地區，使得颱風和地震成為臺灣最主要的自然災害。颱風帶來的暴風雨不僅對農業、漁業造成影響，還可能導致洪水及土石流等次生災害，是臺灣夏季高頻發的災害之一；地震則因為臺灣地處板塊交界帶，時有發生，大地震可能造成嚴重基礎建設損壞和人員傷亡。本節旨在提升學生對臺灣氣象災害的認識，加強應對災害的意識與能力。
18,7,第一冊,6,水文,1,水循環,蒸發、降水,水循環是大氣中水的運行過程，包括水從地球表面蒸發進入大氣，然後冷卻凝結成雲，最終以降水形式回到地面的過程。蒸發是一個重要環節，水從海洋、湖泊、河流等表面轉變為水蒸氣進入大氣。接下來，在大氣中水蒸氣冷卻形成雲，雲中的水滴聚合增大，達到一定重量後以降水形式降落，包括雨、雪、冰雹等形式。降水後，部分水在地表流動形成地表徑流，部分滲入地層成為地下水，這些水最終將再次進入蒸發或直接流回海洋，完成水循環。整體上，水循環保持了地球的水資源平衡，對氣候和生態系統有著重要影響。
19,7,第一冊,6,水文,2,水系與流域,水系構成、水系與流域的關係,水系與流域這一節主要探討水系的構成及其特徵，並説明流域概念如何影響水系。首先，水系由河流幹流及其支流網絡構成，各級支流與幹流共同形成完整的水系。其次，流域則為一河流所集水面積的範圍，被水系的高地或分水線所界定。這節中，討論了水系與流域的關係，流域的大小和形狀影響著水系的流量和流速，也決定著流域內水資源的分佈與利用。因此，理解水系構成及其與流域的相互關係，對於水資源管理及環境保護具有重要意義。
20,7,第一冊,6,水文,3,臺灣河川的特色,河川兩端短急、季節分配不均,臺灣河川大多屬於急流型，河川兩端通常是短而急的，迅速由山區向海洋流動，因此水流速度快、侵蝕力強，河床變化劇烈。特別是在颱風或豪雨等降水量集中的時期，河川水量會迅速增加，造成洪水。另一方面，由於東亞地區的季風氣候，降水呈現季節性特徵，夏季降水集中，冬季相對乾燥，這種季節分配不均的降水特性影響着河川的水量變化，導致豐水期與枯水期落差大，因此對於水資源的管理及防洪工程提出挑戰。學習本小節可了解臺灣河川的自然特徵及其對環境與人類活動的影響。
21,7,第一冊,6,水文,4,臺灣水資源利用與保育,水資源管理、水資源永續利用,本節探討臺灣的水資源利用與保育，強調由於地理環境和季節分布不均，水資源的管理面臨許多挑戰。首先，介紹台灣水資源的主要供應來源，包括降水、河川和地下水；並指出水資源使用的主要用途如供水、灌溉及工業。接著，分析水資源管理面臨的問題，如降雨時空分布不均、河川流量季節變化以及人為開發的影響。討論臺灣既有水庫的功能及其對水資源調配的角色，並提出加強水資源保育和提高利用效率的措施。最後，本節強調水資源永續利用的重要性，呼籲各界推動公民參與並採取綜合管理策略，以保障未來水資源供應的穩定性。
22,7,第二冊,1,臺灣的人口成長與分布,1,臺灣的人口數量有何變化？,人口成長因素、少子化趨勢,本節旨在探討臺灣的人口數量變化，分析歷年人口成長的主要因素，並關注少子化與高齡化的趨勢。首先，透過統計數據解析人口增長及其驅動因素，如出生率、死亡率及移民等，瞭解人口成長的歷史軌跡與未來趨勢；接著，深入剖析少子化現象帶來的社會經濟影響，包括勞動力減少與經濟負擔增加等問題。同時，探討高齡化和人口結構改變可能對社會政策和資源分配的要求。藉由這些分析，了解現今及未來人口政策的導向，為臺灣的人口議題提供全面而深入的視角。
23,7,第二冊,1,臺灣的人口成長與分布,2,臺灣的人口主要分布在哪裡？,人口分布特徵、城鄉差距,本節主要探討臺灣人口的分布狀況，首先介紹全臺灣人口的密度分布特徵，發現大部分人口集中在西部的都會區，而東部及離島則相對稀少，這種分布形態主要受到地理環境及經濟發展等因素影響。此外，小節中分析了城鄉人口的分布差距，指出城市化進程帶動的人口流動，使鄉村地區面臨人口減少的挑戰，進而衍生出一系列的社會與經濟問題。透過這些分析，使我們更清楚臺灣人口分布特徵的意義與影響，並思考未來可能的發展策略。
24,7,第二冊,1,臺灣的人口成長與分布,3,人們為什麼要遷移？,人口遷移原因、遷移種類,本節探討人們遷移的原因及遷移的不同類型。遷移是一個複雜的社會現象，影響因素包括經濟發展、就業機會、教育、生活品質及政治局勢等。為了尋求更好的生活環境或工作機會，人們往往會從一個地區移動至另一地區，因此遷移可以發生在國內或國際之間。遷移的種類主要分為自願性遷移和被迫性遷移，前者通常是由於個人選擇，後者可能因為戰爭、災害等無法抗拒的因素而被迫離開家園。理解人口遷移的動機有助於對現代社會人口分布及其發展趨勢的深入分析，有效應對遷移帶來的挑戰。
25,7,第二冊,2,臺灣的人口組成與族群文化,1,人口組成是什麼？,人口結構、人口金字塔,本節主要介紹臺灣人口的組成及其重要性。首先，了解人口結構是研究人口的重要基礎，這涉及到年齡、性別以及其他社會參數的分析。臺灣的人口結構特徵反映在人口金字塔上，這是一種圖示化的工具，可以幫助我們理解不同年齡層在人口中所占的比例及其趨勢。通過分析人口金字塔，我們能夠觀察到臺灣過去和現在的人口變化情況，包括出生率和死亡率的變化，及其對未來社會和經濟結構的潛在影響。此外，如何有效利用人口結構信息來進行政策規劃和促進社會發展，也是研究的一個重要方向。這些知識對於理解臺灣的人口現狀及預測未來趨勢具有重要意義。
26,7,第二冊,2,臺灣的人口組成與族群文化,2,臺灣有哪些人口問題？,人口密度高、人口老化,臺灣面臨人口密度高和人口老化等問題。人口密度高使得資源分配和基礎設施承受壓力，尤其在都市地區，交通擁擠、住房供應不足等情況常見。此外，人口老化加速，勞動人口比例下降，對經濟增長和社會保障造成挑戰。隨著新生兒數量減少和壽命延長，社會需要重新評估和調整教育、醫療等資源配置，以應對未來的需求變化。這些現象影響不僅限於經濟，文化和社會結構面臨變革，人們如何看待和適應這些變化亦需引起重視。
27,7,第二冊,2,臺灣的人口組成與族群文化,3,臺灣的多元族群形成哪些文化特色？,族群多樣性、文化融合,本節探討臺灣多元族群的形成及其文化特色。由於歷史上的移民浪潮與貿易交流，臺灣形成了混合多元的族群結構，其中主要包括原住民族群、閩南族群、客家族群及後來移入的外省人等，各族群在文化上互相影響、融合，形成獨特的臺灣文化風貌。族群多樣性造就了豐富的語言、宗教和生活習俗等文化特色，也推動了藝術、飲食文化及節慶等領域的發展。本節旨在加深對臺灣多元文化的認知，理解不同族群在社會發展中的重要性與互動關係。
28,7,第二冊,3,臺灣的農業,1,臺灣的第一級產業活動有哪些 特色？,農業地域特色、氣候影響,臺灣的農業受地形、氣候等因素影響，具有多樣化的地域特色。主要在平原地區進行農作，並依據氣候特點進行農業活動，如稻作多分佈於嘉南平原，而以果樹、茶葉種植為主的高山農業則利用了臺灣山地氣候的優勢。此外，季風性氣候為臺灣的農業帶來豐沛的降雨，利於多種作物的生長，但同時也需面對颱風等自然災害的不利影響。綜合來看，臺灣的農業不僅因地理與氣候條件而發展出特殊的種植方式，也對應了市場需求，提高了農產品的多樣性。
29,7,第二冊,3,臺灣的農業,2,臺灣農業有哪些挑戰與對策？ ,市場競爭、環境變遷,在這一節中，我們探討了臺灣農業所面臨的主要挑戰及其相應的對策。首先，臺灣農業需要面對來自全球市場的競爭壓力，這要求農產品需要提高質量並注重差異化，以增強市場競爭力。其次，環境變遷帶來的氣候變化、自然災害以及土地資源有限對農業生產造成了負面影響，因此培育抗逆性的農作物以及改良農業技術變得尤為重要。針對這些挑戰，臺灣農業正在推動創新科技融入農業生產、促進永續發展，同時加強政策支持與產業升級，確保農業的韌性和可持續性發展。
30,7,第二冊,4,臺灣的工業發展與國際貿易,1,如何選擇工廠的位置？,交通便利性、工業聚落,本節探討了選擇工廠位置的關鍵考量因素，首先是交通便利性，這對於原料的進出和產品的運輸效率至關重要。此外，工業聚落的形成可以帶來區域內企業的集群優勢，資源共享和互相合作有助於降低生產成本並提高生產力。選址的決策不僅影響到工廠的運營成本，還影響到企業的競爭力和可持續發展。因此，選擇一個適當的位置對於企業的長遠發展具有戰略性意義。
31,7,第二冊,4,臺灣的工業發展與國際貿易,2,臺灣的工業發展有何特色？,加工出口區、資訊電子產業,臺灣的工業發展以加工出口區為基礎，透過設置特定區域來吸引國際投資，促進出口產品的生產，成為臺灣工業起飛的重要動力之一。隨著時代演進，臺灣工業逐步轉型升級，資訊電子產業崛起，成為全球供應鏈的關鍵角色。政府適時推動產業政策，鼓勵創新及研發，提升產品附加價值，進一步強化國際競爭力。臺灣的工業發展具備靈活應變、對外開放以及技術升級的特點，為全球產業展現了獨特的發展模式與經驗。
32,7,第二冊,4,臺灣的工業發展與國際貿易,3,臺灣的國際貿易有何特色？,出口導向政策、多樣化市場策略,本節主要探討臺灣的國際貿易特色，強調其工業發展過程中所採取的出口導向政策和多樣化市場策略。臺灣透過積極的出口增長，迅速提升了國際競爭力，特別是電子產品等高科技工業品在全球市場上佔據重要地位。同時，為了減少市場的集中特性和風險，臺灣努力將市場多樣化，尋求更多出口目的地及貿易夥伴，以降低對單一國家的依賴。這種策略不僅促進了經濟的穩定增長，也為臺灣在國際貿易中贏得了一席之地。
33,7,第二冊,5,臺灣的聚落與交通,1,聚落體系是如何發展的？,聚落分布、交通發展,本節介紹了臺灣聚落體系的發展過程，闡述聚落分布與交通發展之間的密切關係。首先，臺灣的聚落主要分布在地形較為平坦且資源豐富的地區，例如河流沿岸和平原地區。這些地方不僅具備了優良的生活條件，還便於農業發展。其次，交通的發展對聚落的擴展有著極大的影響；早期的聚落多依賴水路交通，隨著鐵路及公路網絡的建立，新的聚落逐漸在交通樞紐地帶形成，提升地方經濟活力。此外，本節還探討了經濟活動如商業與工業對於聚落發展的促進作用。在解析聚落演變的同時，也分析了自然環境與人類活動的相互作用，強調在保護環境的前提下推進聚落可持續發展的重要性。
34,7,第二冊,5,臺灣的聚落與交通,2,聚落發展與交通網絡有何關聯？,交通網絡、聚落發展,本節內容探討臺灣的聚落發展如何受到交通網絡的影響，聚落的形成與交通發展密不可分，交通的便利性可以促進聚落的發展與擴散，反之聚落的形成也會影響交通路線的規劃。歷史上，臺灣的聚落多沿著交通要道及海岸線發展，為貿易與人員流動的重要樞紐。在現代，公路、鐵路及高速公路等交通設施的開闢，大大影響了聚落的擴張與布局，形成都市與鄉村不同的發展模式。此外，交通的發展還影響了經濟活動的分布及文化的交流，使得地區間的聯繫更加緊密。
35,7,第二冊,5,臺灣的聚落與交通,3,臺灣的都市發展有何特色？,都市化過程、都市功能,本節介紹了臺灣的都市發展進程及其特點。臺灣的都市化進程迅速，主要受到經濟發展及人口流動的影響。都市化過程中，都市面積不斷擴大，人口密度持續上升，產生了都市聚集效應。臺灣的都市功能多元化，涵蓋政治、經濟、文化等方面，不同都市有不同的發展定位與特長，例如台北作為政治與經濟中心，台中則是工業與商業重鎮。從都市發展的歷史看，交通建設如高速公路與鐵路網絡的完善，進一步推動了都市間的連結與協同性。臺灣的都市發展同時面臨許多挑戰，包括都市擴張的限制、交通擁擠與環境保護等問題，需要綜合解決以維持可持續發展。
36,7,第二冊,6,臺灣的區域發展及空間差異,1,臺灣的區域發展有何差異？,經濟發展不均、都市化,本節介紹臺灣因地理環境、資源分布及歷史因素各區域間存在的發展差異。北部地區因交通便利、資源集中，經濟較為繁榮，而南部地區則以農業為主且相對落後。都市化進程在不同區域的步伐不一，其中臺北高雄等城市發展迅速，鄉村地區則面臨人口外流與資源縮減問題。政府針對區域差異推動均衡發展計畫，希望藉此縮小貧富差距並促進各地均勻發展。大綱涵蓋從歷史背景、現況分析到未來方向之探討。
37,7,第二冊,6,臺灣的區域發展及空間差異,2,臺灣各區域應該如何適性規劃？,地理特性、區域資源分配,臺灣各區域的發展需根據其地理特性和資源現況來進行適性規劃。例如，北部因政治經濟中心，應優先發展金融及商業服務；中南部則因農業資源豐富，可強化農業科技及加工業。東部的相對開發程度較低，適合發展生態旅遊及創意產業。不同區域應發揮各自的優勢，進行資源的最佳配置，以達到經濟的全面發展與區域平衡。同時，各區域需關注環境保護，確保發展與自然資源間的和諧共生。這樣的規劃有助於增進全臺灣的可持續發展。
38,8,第三冊,1,中國的自然環境與傳統維生方式,1,中國的自然環境有何特徵？,地形多樣性、多樣氣候,本章節涵蓋了中國的多樣自然環境及其特徵，首先介紹了中國的地形多樣性，這包括高原、盆地、平原等複雜地形的分布，使得中國具備多樣的地理特徵。其次，章節詳細討論了中國多樣氣候的特徵。受地形影響，中國的氣候類型從北至南、從東至西變化多樣，涵蓋了季風氣候、草原氣候及高山氣候等。這些自然特徵不僅塑造了中國的自然風貌，也深刻影響了當地居民的傳統維生方式，促成了多樣化的農耕及生活方式的形成。
39,8,第三冊,1,中國的自然環境與傳統維生方式,2,傳統中國的維生方式有何特徵？,農業技術、環境適應,本節探討了傳統中國社會的維生方式，強調了農業在中國自古以來的關鍵地位。由於中國擁有豐富的地形和氣候條件，其農業技術也隨之多樣化，包括灌溉系統和梯田等的使用，使農業生產能夠適應不同的環境。此外，環境適應能力讓中國的農業活動能在各地得以營運，村落分佈和市鎮規劃也深受自然環境影響。了解這一傳統的維生方式，有助於我們認識當時社會的經濟結構及其與自然環境的緊密關係，進一步理解古代中國的文化和社會發展。
40,8,第三冊,2,中國的人口成長與文化遷移,1,中國如何養活眾多的人口？,人口壓力、土地資源優化利用,中國自古以來即面臨龐大人口的生存挑戰，為了解決糧食問題和養活眾多人口，中國歷朝歷代採取了多種策略。首先，開發新的農耕技術、引進高產作物如稻米、小麥以提高單位面積的糧食產量，並結合農田水利建設以提升土地的利用效率；其次，政府推動移民政策，把人口從人口稠密地區遷移到自然資源豐富但相對荒涼的地區，以減少某些地區的人口壓力。此外，土地的集約化使用及城鄉建設的合理規劃，亦是保障糧食安全和提升人均資源擁有量的重要舉措。這些方法的推行，不僅緩解了由人口膨脹帶來的糧食壓力，也在更長遠的社會發展中奠定了傳統農業社會的穩定基礎。
41,8,第三冊,2,中國的人口成長與文化遷移,2,中國的人口有哪些特徵？,人口數量大、人口密度差異,本節主要探討中國作為世界上人口最多的國家之一，其人口特徵的多樣性與復雜性。中國不僅僅因為龐大的人口數量而著稱，還因為人口密度在區域間的差異而引人注目。在中國的沿海地區，如廣東、江蘇等，人口密度極高，而在西部地區，如西藏、青海等，人口則相對稀少。此外，本節也介紹中國南北方在文化、飲食甚至語言上對人口分佈的影響。了解這些特徵有助於認識如何有效管理人口資源，應對日益增長的環境與社會挑戰。
42,8,第三冊,2,中國的人口成長與文化遷移,3,中國如何因應人口大量增加的壓力？,人口政策、都市化發展,本節探討中國在面對人口大量增加壓力時所採取的策略與挑戰。首先，政府制定了一系列的人口政策，如計劃生育政策，以控制人口增長速度，確保資源的可持續發展。此外，為減緩都市人口膨脹帶來的壓力，中國推動都市化發展，擴大城市基礎設施建設，提升公共服務水平，促進城鄉均衡發展。然而，這些政策同時也面臨著一系列挑戰，包括經濟增長模式轉型、老齡化社會問題以及城市化帶來的環境壓力等。透過這些措施，中國正努力在經濟發展與人口壓力間取得平衡。
43,8,第三冊,3,中國的工業發展與地區差異,1,中國工業發展的條件為何？,地理條件、資源分佈,中國的工業發展受多種因素影響，其中地理條件和資源分佈是兩個重要的因素。地理條件指的是適合工業生產的地理環境，例如平原地區利於交通運輸和工廠建設。這些地區通常也是人口稠密的地方，提供了大量的勞動力支持。資源分佈則關係到原材料的供應，例如煤炭、石油等能源資源的分佈直接影響到工業基地的選擇和佈局。中國的工業多集中於東部沿海地區，這些地區由於擁有良好的海運條件和豐富的經濟資源，在改革開放後迅速發展起來。總的來看，中國工業的發展利用了不同地區的優勢資源，形成了區域性工業分佈的格局。
44,8,第三冊,3,中國的工業發展與地區差異,2,中國的經濟核心在哪裡？,長江三角洲、珠江三角洲,本節主要探討中國境內的經濟核心地區及其工業發展的現狀和特點。首先介紹了長江三角洲和珠江三角洲這兩個中國最具代表性的經濟核心區，說明了它們的地理位置和經濟影響力。長江三角洲以上海為中心，輻射江蘇和浙江，是中國最重要的經濟引擎之一，擁有完備的基礎設施和龐大的市場需求，帶動高科技產業和傳統製造業同步發展。珠江三角洲則以廣州、深圳為核心，緊鄰港澳地區，依託其開放的經濟政策和外資引入，迅速發展成為現代化工業和科技創新基地。這兩大經濟區的工業發展鞏固了中國在全球供應鏈中的關鍵地位。
45,8,第三冊,4,中國的經濟發展與全球關連,1,中國如何從世界工廠變成世界市場？,勞動力成本上升、消費市場的崛起,"本節介紹了中國經濟的轉型過程，從一直以來被視為""世界工廠""的角色，如何逐步發展成為一個巨大的消費市場。首先，隨著中國經濟發展，勞動力成本逐漸上升，導致製造業的競爭優勢降低，促使中國轉型。其次，中國的城市化進程和中產階級的崛起顯著擴大了國內消費市場，使其成為全球企業爭奪的重要市場。最後，介紹了中國在全球貿易中角色的變化，從商品輸出轉向服務和技術輸出，進一步巩固其全球市場地位。"
46,8,第三冊,4,中國的經濟發展與全球關連,2,中國與全球有什麼關連？,全球化、貿易合作,本節主要探討中國經濟與全球經濟的密切聯繫。首先，中國作為全球第二大經濟體，在國際貿易中扮演著重要角色，對世界各地的出口和進口活動產生深遠影響。其次，中國積極參與全球化進程，不斷增加投資和對外開放程度，促進全球經濟一體化。此外，中國在重要國際組織中的參與，如WTO和G20，進一步強化了其在全球經濟治理中的地位。隨著一帶一路倡議推進，中國與其他國家的經濟合作更加緊密，帶動沿線經濟的發展，彰顯出中國經濟與全球市場的深厚關連。
47,8,第三冊,5,東北亞的自然環境,1,東北亞的自然環境有何特色？,地形多樣、氣候多變,東北亞涵蓋的自然環境極為多樣，從廣闊的平原到高聳的山脈，形成了獨特的地形特徵。這樣的地形提供了多樣的生態系統，適應各式各樣的動植物生存。此外，由於地理位置的關係，東北亞地區的氣候呈現多樣化，從溫帶季風氣候到寒帶氣候都有分布，季節變化明顯，影響了當地的農業活動以及人們的生活方式。這一節重點分析了東北亞的地理和氣候特徵，探討這些自然環境因素如何影響當地的經濟與文化發展。
48,8,第三冊,5,東北亞的自然環境,2,環境如何影響日、韓的文化特色？,氣候影響、地形特點,本節探討了環境對日本和韓國文化特色的影響。首先，氣候在日韓文化中扮演了重要角色，兩國皆位於東北亞，四季分明，這影響到了日本農曆節慶的安排和韓國飲食習慣的形成。例如，日本因氣候影響，宏大地製作出四季分明的傳統祭典，而韓國以其辛辣食物聞名，用以抵抗寒冷的冬季。其次，地形特點也對兩國文化產生了深遠影響。日本多山地，島嶼國特性孕育出獨特的庭園藝術和挪用自然的建築風格；韓國則由於北高南低的地形，促成了其文化中強調群居的社交模式和圍爐造屋的建築風格。總體而言，日韓文化以環境為基礎，形成了獨特且富有地域特色的文化特徵。
49,8,第三冊,6,東北亞的經濟發展,1,日本的產業發展有何特色？,精密製造業領先全球、科技創新與研發投入,本節探討了日本產業發展的特色，著重於其在精密製造業上的全球領先地位，以及在科技創新和研發投資方面的優勢。日本憑藉其高品質的製造標準，成為汽車、電子產品和機械等領域的主要出口國。同時，強大的研發能力讓日本企業在全球市場上保持競爭力，創新驅動力引領了新技術的發展。日本政府和企業的研發投入也促成了產業的持續升級，支持了經濟的穩定增長。總之，日本的產業發展以高科技和精密製造為核心，為其經濟繁榮打下了堅實的基礎。
50,8,第三冊,6,東北亞的經濟發展,2,朝鮮半島的產業發展有何特色？,重工業發展、資訊技術產業,本節介紹了朝鮮半島的產業發展特色。朝鮮半島由南北韓兩個國家組成，具有其獨特的經濟結構和產業特點。南韓以重工業和資訊技術產業為主，重工業主要包括汽車製造、鋼鐵生產和造船等行業。在資訊技術方面，南韓是全球重要的半導體和電子產品生產基地。北韓則更多依賴重工業，特別是在採礦和機械製造領域，但由於政治和經濟的特殊性，其發展受到多種限制。整體而言，兩國均重視工業化進程，但南韓有更高的國際競爭力與技術創新能力。
51,8,第四冊,1,東南亞,1,東南亞的景觀為何如此多元？,,
52,8,第四冊,1,東南亞,2,東南亞的經濟如何崛起？,,
53,8,第四冊,2,南亞,1,南亞的環境為何特殊？,,
54,8,第四冊,2,南亞,2,南亞如何提升經濟競爭力？,,
56,8,第四冊,3,西亞與北非的自然環境與文化,1,世界如何分區？,,
57,8,第四冊,3,西亞與北非的自然環境與文化,2,乾燥氣候影響了什麼？,,
58,8,第四冊,4,動盪的西亞與北非,1,多元文化之間如何互動？,,
59,8,第四冊,4,動盪的西亞與北非,2,西亞與北非為何紛爭不斷？,,
60,8,第四冊,5,漠南非洲的自然環境與傳統文化,1,漠南非洲的自然環境有何特色？,,
61,8,第四冊,5,漠南非洲的自然環境與傳統文化,2,漠南非洲傳統的維生活動與文化特色為何？,,
62,8,第四冊,6,漠南非洲的發展與挑戰,1,漠南非洲的經濟發展面臨哪些問題？,,
63,8,第四冊,6,漠南非洲的發展與挑戰,2,如何改善漠南非洲居民的生活？,,
66,9,第五冊,2,漢南非洲的經濟發展,1,西方殖民如何影響漢南非洲的政經發展？,殖民資源掠奪、西方政治體制影響,本節主要探討西方殖民對漢南非洲政經發展的深遠影響，包括資源掠奪與經濟結構轉型。殖民者大規模掠奪當地資源，導致原有經濟體系被破壞，許多地區轉而依賴於原料出口經濟。此外，西方政治體制的引入，導致了傳統政治結構的變遷，雖然帶來了現代化治理理念，但同時也滋生了政治動蕩與社會不穩定。這些歷史遺留問題持續影響著當前的經濟發展模式及政治環境，使得漢南非洲在全球化進程中的發展充滿挑戰。
67,9,第五冊,2,漢南非洲的經濟發展,2,漢南非洲如何因應減貧的挑戰？,可持續發展目標、國際合作,漢南非洲面臨著減貧的重大挑戰，其經濟發展需要針對此社會問題提出解決方案。首先，採取可持續發展目標作為指導方針，有助於制定長遠的經濟政策。通過提高教育水平，增加農業生產力，以及推動科技創新來促進經濟多元化，從而創造更多的就業機會。其次，國際社會的援助與合作也是促進減貧的重要因素。加強與全球經濟體的交流合作，通過資金援助、技術支持和政策指導，為經濟增長提供動力。此外，政府需加大對基礎設施建設的投資力度，改善交通、能源及通訊設施，這對吸引外資和提升當地經濟有顯著作用。這些措施能夠有效提升生活水平，並促成漢南非洲的全面經濟發展。
68,9,第五冊,3,歐洲與俄羅斯的自然環境與區域特色,1,歐洲的文明發展與自然環境有什麼關係？,地形多樣、氣候多變,歐洲的自然環境多樣化為其文明發展提供了豐富的資源，「歐洲的文明發展與自然環境有什麼關係？」這一節主要探討自然環境對歐洲文明歷史的影響。歐洲擁有多樣的地形，諸如平原、山脈和海洋，形塑了不同地域的文化和經濟活動。例如，沿海地區因便利的海洋交通而發展出貿易和海洋文化，而內陸平原則提供了肥沃的土地，適合農業生產。多種氣候類型也促使各地區發展出特有的農業和生活方式。此外，這種地理多樣性還促進了各文化之間的互動及融合，進一步促進了文明的進步與繁榮。因此，歐洲的自然環境是其文明多樣性和持續發展的重要推動力。
69,9,第五冊,3,歐洲與俄羅斯的自然環境與區域特色,2,面積廣大的俄羅斯有哪些環境特色？,大陸性氣候、廣大森林,"俄羅斯擁有全球最大的國土面積，其獨特的地理位置和自然環境形成了多樣化的環境特色。首先，俄羅斯大部分地區屬於大陸性氣候，冬季寒冷漫長，夏季短暫，這種氣候條件對於農業和日常生活具有深遠的影響。另外，俄羅斯擁有世界上最大的森林覆蓋面積，特別是西伯利亞地區的針葉林形成了""世界之肺""的重要部分，對全球的氧氣供應和二氧化碳吸收起到關鍵作用。這些天然資源不僅對俄羅斯自身具有重大生態和經濟影響，也對全球環境健康起著重要的作用。"
70,9,第五冊,3,歐洲與俄羅斯的自然環境與區域特色,3,歐洲與俄羅斯的區域發展有何異同？,區域發展的異同、經濟及社會變遷,本節主要探討歐洲與俄羅斯在區域發展上的差異與共通之處。歐洲和俄羅斯在自然環境、經濟及社會等方面皆有顯著差異。歐洲擁有豐富的自然和文化資源，很多國家具備高度工業化和服務業發達的經濟特徵，強調經濟整合與合作，區域內交通便利，形成多樣化的經濟共同體，特別是歐盟的影響力極其深遠。而俄羅斯則以廣大的領土為基礎，擁有豐富的資源，卻存在著開發不均衡的問題，經濟較為依賴於能源與礦產資源，其區域發展受政治因素影響較大，強調中央集權的管理模式。從社會變遷上看，兩者皆面臨人口老化、城市化等問題，但因為歷史及文化背景不同，呈現出獨特的發展軌跡。
71,9,第五冊,4,歐洲與俄羅斯的經濟發展與區域結盟,1,歐洲如何透過區域結盟發揮影響力？,歐洲聯盟發展歷程、歐盟的影響力,本節探討歐洲如何透過區域結盟發揮其經濟和政治影響力，主要集中於歐洲聯盟的形成與發展歷程。歐盟自成立以來，透過建立單一市場和推動成員國之間的經濟合作，實現了資本、勞動力、貨物和服務的自由流動，增強了區域內的競爭力。此外，歐盟也在國際舞台上扮演著重要角色，憑藉其龐大的經濟體量和集體談判力，能夠在全球性議題上發聲，並影響國際貿易規則、環境政策和人權問題。這些努力不僅促進了歐洲的內部發展，還提升了其在全球經濟和政治格局中的地位。
72,9,第五冊,4,歐洲與俄羅斯的經濟發展與區域結盟,2,解體後的蘇聯有什麼蛻變嗎？,經濟轉型、國家獨立,本節介紹蘇聯解體後各國在政治和經濟領域的重大變化。隨著蘇聯的解體，15個加盟共和國宣布獨立，各自面臨不同的發展挑戰。經濟上，這些新興國家從計劃經濟向市場經濟轉型，雖然促進了一部分地區的經濟增長，但也導致了失業率上升和社會不穩定性。此外，地緣政治上，俄罗斯繼承了蘇聯的大部分資產和影響力，而其他國家則尋求與西方國家建立更緊密的聯繫來保證安全和經濟援助。總之，這一時期是動盪且充滿機會的，為現代歐亞地區的政治和經濟格局奠定了基礎。
73,9,第五冊,5,北美洲的區域特色與經濟發展,1,北美洲的自然環境與農牧業發展有何特色？,五大湖地形、密西西比河流域,北美洲擁有多樣的自然環境特色，從大平原、五大湖到雄偉的落磯山脈，形成了多樣的地形和氣候區域。這些地理特徵提供了豐富的自然資源，特別是適合農業和牧業發展的優良條件。五大湖區域因其豐富的水資源和肥沃的土壤成為重要的農業帶，而密西西比河流域的廣大平原地區則是主要的谷物產地。此外，北美洲的農業以高度機械化和集約化著稱，這提升了生產效率並促進了出口貿易的繁榮。這些自然環境特徵對北美洲的經濟發展具有重要影響，特別是在推動農牧業現代化和全球糧食供應中發揮了關鍵作用。
74,9,第五冊,5,北美洲的區域特色與經濟發展,2,北美洲的工商業發展有哪些特色？,工業化進程、科技創新,本節內容主要探討北美洲特別是美國、加拿大等國家在工商業發展方面的特色。首先，北美洲的工業化進程迅速且全面，這使得其在全球經濟中占據了重要位置，成為國際貿易的重要參與者。此外，北美洲的工商業發展受到科技創新的驅動，各國不斷投入科研資源以促進技術進步，這不僅提升了生產效率，還引發了新興產業的崛起如資訊技術和生物科技。進一步的全球化進程也使得北美的企業能夠更容易地進入國際市場，從而增強其經濟實力和全球競爭力。通過這樣的工商業發展模式，北美洲的經濟不但持續增長，還成為其他地區效仿的榜樣。
75,9,第五冊,5,北美洲的區域特色與經濟發展,3,北美洲有哪些多元族群？,歐裔、亞裔,本節介紹北美洲多元族群的形成與分布情況，主要包括歐裔、非裔、拉丁裔、亞裔及原住民等主要族群。這些族群的多樣性是歷史上殖民、移民及經濟發展等因素綜合作用的結果。歐裔是北美洲人口最多的族群，主要因為早期歐洲的殖民及後續大規模移民。亞裔在近幾十年迅速增長，成為其中一個重要的文化群體。這些多元族群各自擁有獨特的文化傳統，對北美洲的社會結構、經濟活動及文化發展有深遠影響，塑造了豐富的多元文化景觀和跨文化交流機會。
76,9,第五冊,6,中南美洲的區域特色與經濟發展,1,中南美洲的自然環境與農牧業發展有何特色？,熱帶雨林氣候、安地斯山脈,中南美洲擁有豐富多樣的自然環境，其熱帶雨林氣候為大部分地區提供了豐富的生物多樣性和充沛的降雨，成為全球重要的生態系統之一。同時，安地斯山脈從北到南縱貫大陸西部，造就了獨特的垂直氣候帶，這使得不同的海拔種植出各式多樣的作物與畜牧。在農業發展方面，中南美洲的養分豐富土壤適合多種農作物生長，尤其是香蕉、咖啡及可可等熱帶作物，使其成為世界上重要的農產品輸出地區之一。此外，該地區的農業發展面臨著土壤侵蝕和森林砍伐等挑戰，促使各國逐步關注環境永續發展之政策推行，以平衡經濟發展與環境保護。
77,9,第五冊,6,中南美洲的區域特色與經濟發展,2,中南美洲的經濟發展有哪些特色？,經濟多樣性、產業不平衡,中南美洲的經濟發展呈現出多樣化的特點，當地經濟以農業、礦業和旅遊業為主導，特別是咖啡、可可和香蕉等農產品在國際市場上具有重要地位。此外，區域內部分國家如智利和巴西，以其豐富的礦產資源大幅推動經濟增長。然而，產業結構不平衡，部分國家的重度依賴初級產品出口，使其經濟易受全球市場價格波動影響。此外，區域內的基礎設施建設、教育水平和技術革新相對滯後，制約了經濟持續發展的潛力。儘管如此，旅遊業的發展正在改變一些國家的經濟模式，通過吸引國際遊客，拓寬經濟來源並促進基礎設施和服務業提升。
78,9,第五冊,6,中南美洲的區域特色與經濟發展,3,中南美洲有哪些多元族群與文化？,多元族群、多樣文化,中南美洲擁有豐富的多元族群與文化，主要可分為印第安人、歐洲殖民者、非洲奴隸及其他亞洲族群的後裔。印第安人是該地區的原住民族群，他們的文化和傳統在許多國家仍然保持顯著影響。歐洲殖民者尤其是西班牙人和葡萄牙人的到來，對當地的語言、宗教及習俗產生深刻影響。此外，非洲奴隸在移植過程中也留下了重要的文化遺產，如音樂和舞蹈。在這種多元交融的環境下，中南美洲呈現出獨特的文化景觀，包括富有節奏感的音樂、色彩繽紛的節日及獨具風味的美食，這些共同構成了該地區獨有的文化特色。
79,9,第六冊,1,地名怎麼來？,1,「臺灣」地名的由來與演變,地名演變、歷史意涵,本節介紹「臺灣」地名的起源及演變，首先探討其原住民族時期的名稱，例如在平埔族群中，「淡水」曾為「臺灣」的代稱。隨著漢人移民的增加，對地區名稱的改寫與音譯不斷，新名逐漸被接受並廣泛使用。後來，因政治與社會的更迭，不同政權對於地名的管理與改變更進一步影響地名的發展，例如荷蘭人曾以「福爾摩沙」稱之。此外，本節還提及「臺灣」地名選取與使用背後的文化與歷史意涵，並解析地名變遷反映的社會發展與族群互動，提供我們了解這片土地的歷史脈絡。
80,9,第六冊,1,地名怎麼來？,2,臺灣縣市、鄉鎮市區名的變遷,地名變遷、歷史影響,本節主要探討臺灣縣市及鄉鎮市區名稱的演變過程及其歷史影響。首先，在不同的歷史時期，臺灣地名的命名方式受到當時政治、經濟和文化背景的影響，例如，荷西統治、清朝統治、日治時期以及國民政府時期等階段，都對地名帶來了不同的變化。其次，地名的變更不僅反映了地域治理的調整，也常常蘊含了對地方文化與歷史的認同與記錄。總體來看，臺灣地名的變遷是一個動態的歷史過程，體現了多元文化交融的特色，對了解臺灣歷史有重要的意義。
81,9,第六冊,2,聚落的命名與商品行銷,1,聚落地名與位置、自然環境的關係,地名來源、自然環境影響,本節主要探討聚落地名的起源及其與自然環境之間的關聯。聚落地名往往源於當地的自然特徵，如山川湖泊、氣候特徵等，這些地名不僅反映了地理位置的特性，也刻畫了當地人們的文化和生活方式。地名是文化和環境互動的重要產物，這不僅體現在日常生活中，更對商品行銷起到重要的影響作用。例如，利用地名作為產品標籤，可以增強產品的在地特色和吸引力，促使消費者形成地理認同。因此，了解地名的由來和意義有助於更好地理解地域文化和經濟活動。
82,9,第六冊,2,聚落的命名與商品行銷,2,聚落地名與族群文化的關係,地名來源、族群文化,本節探討聚落地名的形成過程，強調地名作為文化和歷史的載體，其來源與族群的歷史背景、地形特徵及文化風俗密切相關。通過分析各地的地名，我們可以窺見當地居民的祖先來源、社會變遷以及不同文化的交融和影響。此外，地名的命名不僅在於地理識別，更蘊含著一個地區的文化故事及集體記憶。對聚落地名的研究有助於理解地域文化差異，並強調保護這些具有歷史價值的文化資產的重要性，以促進對多元文化的尊重與認識。
83,9,第六冊,2,聚落的命名與商品行銷,3,地名、產業與商品行銷,地名命名原則、品牌策略運用,本節探討了地名命名與商品行銷之間的關係，首先介紹了地名命名的原則，如自然環境、歷史事件及人文特色等，這些因素不僅體現了地域精神，還能有效吸引遊客或消費者的關注。接著，深入分析了如何將地名與商品行銷策略結合，以提高商品的品牌認知度和市場競爭力。具體案例說明品牌如何透過地名強化產品形象，從而提升產品的市場價值與認同感。整節旨在闡明地理與經濟活動間的相互影響及其在促進本地經濟發展中的重要角色。
84,9,第六冊,3,從產地到餐桌,1,我們食物的來源還是「靠天吃飯」嗎？,農業生產、科技應用,本節從食物的來源出發，討論當前農業生產乃至整體食物供應的變遷。雖然我們依然依賴自然環境進行農業生產，但隨著科學技術的進步和應用，現代農業已經在一定程度上減少了對自然條件的依賴。節中分析了傳統農業「靠天吃飯」的局限性及現代化農業系統如何利用科技手段如溫室種植、灌溉技術和基因改良等提升產量和抗逆性，確保穩定的食物供應，從而改變了我們對食物來源和安全的長期觀念。
85,9,第六冊,3,從產地到餐桌,2,我們吃的食物有多少是進口的呢？,進口食品、安全管制,本節主要探討了我們日常食物中進口食品的比重及其對生活的影響。首先，分析了進口食品在全球貿易中的重要地位，並提到進口對滿足不同季節需求和提升飲食多樣性的貢獻。此外，進口食品也引發了對食品安全的懷疑，因為其生產過程和運輸方式難以監控。為解決這一問題，政府和相關機構採取了一系列的安全管制措施，例如標準化檢驗、認證制度，以確保進口食品的質量和安全，進而保障消費者的健康。
86,9,第六冊,3,從產地到餐桌,3,我們的飲食文化正在消失嗎？,飲食文化的變遷、工業化對飲食的影響,本節主要探討隨著工業化與全球化的發展，傳統的飲食習慣和文化正面臨挑戰。首先，全球化帶來的食品流通便捷，使得各地美食能在更廣範圍內被分享，但也導致了地方飲食特徵的模糊。當地文化特色的飲食逐漸被快餐和加工食品取代，這不僅影響傳統美食的製作與傳承，還對食品營養健康構成威脅。其次，工業化促成了食品生產標準化，大規模生產雖提高了效率和供應能力，但同時削弱了食材的土壤和原產地特性，導致飲食品質下降。這種轉變激起了人們對飲食文化消逝的擔憂，促使社會開始反思並重視飲食文化的保護與傳承。
87,9,第六冊,4,食品安全面面觀,1,你吃的食物安全嗎？,食品安全標準、食品污染控制,本節介紹了食品安全的重要性，強調了食品安全標準的制定與執行對保障消費者健康的重要作用。同時探討了食品污染的來源、類型及其對人體的潛在危害，並提出有效控制措施，如加強生產過程的衛生管理和完善檢驗檢疫制度。此外，文章強調了消費者在食品選購和儲存過程中應該注意的事項，鼓勵讀者提升自身的食品安全意識，選擇有公共信譽的品牌產品，並掌握正確的儲存方法以減少食品安全風險。
88,9,第六冊,4,食品安全面面觀,2,全民如何監督食安問題？,食品安全法規、消費者權益組織,本節主要介紹了食品安全涉及的各方面問題與解決途徑，首先強調了食品安全法規在保障公眾健康中所扮演的重要角色，法規的制定與執行是確保食品從生產到消費過程中安全無虞的基礎。接著，消費者權益組織被介紹為另一重要支柱，這些組織不僅監督企業的食品安全措施，還在公眾遭遇食品安全事件時提供支持和幫助，通過倡議和教育來增強消費者的防範意識。總之，只有政府、企業以及消費者共同努力，食品安全才能得到全方位的保障。