num,year_grade,book,chapter_num,chapter_name,section_num,section_name,knowledge_points,section_summary
1,7,第一冊,1,史前臺灣與原住民文化,1,考古發掘與史前文化,考古發掘、史前文化,本節主要探討臺灣地區在史前時代的人類活動與文化。透過考古學上的發掘，我們能夠了解史前文化的發展與特色。考古發掘提供了重要的實物證據，如陶器、石器和骨器，這些遺物幫助重建過去人們的生活方式與社會組織。臺灣的史前文化顯示出不同時期的人群已經開始定居並從事農耕、漁獵等活動。此外，這些文化遺址也顯示出各地區之間的文化交流與互動，以及後來原住民文化的逐漸形成。本節內容幫助理解臺灣早期人類社會的發展過程與文化多樣性。
2,7,第一冊,1,史前臺灣與原住民文化,2,臺灣原住民的遷徙與傳說,遷徙路線、神話傳說,本節探討臺灣原住民族群的起源與遷徙，透過考古學與民族誌資料，我們可以了解這些原住民遷徙的路線與原因，以及他們如何從鄰近地區來到臺灣並在這裡定居。不同的族群擁有各自的神話傳說，這些故事不僅反映了族群的起源觀，也提供了對其文化價值觀的深刻洞見。此外，這些傳說還涉及自然界的解釋，天象的觀察以及祖先崇拜等重要文化元素。有些傳說更形塑了族群的歷史與宗教信仰，成為集體記憶的重要部分，進一步加強了族群的內部認同感和文化傳承。
3,7,第一冊,2,大航海時代各方勢力的競逐,1,大航海時代的到來,哥倫布發現新大陸、麥哲倫環球航行,本節介紹了15至17世紀之間，歐洲各國在大航海時代中的重要航海事件及其背景。以哥倫布發現新大陸和麥哲倫的環球航行為重心，探討不同國家如西班牙和葡萄牙在這股航海熱潮中的積極角色，並分析這些航行的動機，包括對貿易路線的探索、對黃金及香料的追求，以及傳播基督教的野心。此外，介紹技術上的進步如羅盤及航海地圖的普及如何為航海事業鋪平道路。這一時期的航海活動不僅改變了世界地理知識，也帶來了經濟和文化交流的可能性。
4,7,第一冊,2,大航海時代各方勢力的競逐,2,各方勢力在臺灣的競逐,大航海時代、臺灣競爭,本節介紹了大航海時代背景下，各國勢力紛紛將目光投向臺灣，主要涉及西班牙、荷蘭與後來的鄭成功勢力在臺灣的競逐過程。首先，荷蘭人因商業利益在此建立殖民地，並進行經濟貿易活動，成為當時的重要海外據點。西班牙隨後因宗教和經濟原因，也嘗試在臺灣建立據點，然而並未持續對峙成功。後期，鄭成功經歷南明的艱難局勢，為復興明朝之名，占領臺灣，開始新一輪的治理與貿易政策。這一時期的臺灣成為各方殖民勢力彰顯力量與利益競爭的熱點，也為臺灣的多元文化奠定了基礎。
5,7,第一冊,3,大航海時代臺灣原住民與外來者,1,歐洲人與原住民,探險動機、文化交流,本節介紹了歐洲人在大航海時代進入台灣的背景及其與原住民之間的互動。當時的歐洲國家為了尋找新的貿易航路和資源，積極進行海外探險和殖民。這些探險活動不僅帶來了經濟上的利益，也促成了不同文化之間的接觸與交流。歐洲人的到來對台灣原住民的生活、經濟及文化產生了深遠的影響，原住民與歐洲人進行了商品交易，文化也因此發生變化和融合。此外，歐洲人留下的歷史記錄提供了對當時台灣社會狀況的寶貴資訊，為我們了解原住民的生活和歐洲人對台灣影響的歷史提供了參考。
6,7,第一冊,3,大航海時代臺灣原住民與外來者,2,鄭氏政權與原住民,鄭氏政權的形成與影響、原住民的社會變遷,本節探討了鄭氏政權在臺灣的形成及其對原住民的影響。首先，鄭成功率領明鄭勢力來臺後，建立了鄭氏政權，確立其在臺的政治統治地位。這一政權不僅抵禦了外敵，還推動了與原住民的交流與互動。隨著土地開發和經濟活動的增多，原住民的社會結構與生活方式也發生了顯著的改變。在此背景下，鄭氏政權積極推行文化及經濟整合政策，以促進旗下各族群的穩定和諧發展。這段歷史不僅揭示了殖民與統治的複雜性，也強調了各族群在面對變遷時的適應能力。
7,7,第一冊,4,清帝國統治政策的變遷,1,清初治臺政策與措施,渡台禁令、招撫措施,清初統治臺灣的政策與措施是因應當時的局勢而制定，主要以維護社會穩定與有效管治為核心。渡台禁令是清初政府為有效控制人口移動及維持社會秩序而設立的政策，通過限制福建、廣東等地人民渡台，旨在防止過多人口湧入而引發社會問題。同時，清政府也實施了一系列的招撫措施，試圖藉由安撫當地原住民及荷蘭、明鄭留下的勢力，以促進當地的和平與穩定。這些政策與措施的制定及其影響，反映出清政府對臺灣地區的高度重視與治理挑戰。
8,7,第一冊,4,清帝國統治政策的變遷,2,外力入侵與現代化建設,列強侵略、現代化改革,本節介紹清帝國在外力入侵下所面臨的一系列挑戰及其改革舉措。隨著西方列強的侵略，清政府不得不應對各種軍事壓力和不平等條約帶來的影響，這顯著地動搖了其傳統的治理模式。面對內憂外患，清朝展開了一系列自強運動，試圖引進西方先進技術和制度，以強化國力和抵禦外敵。這些改革措施，儘管在一定程度上提升了國家的現代化水平，但最終未能從根本上解決國家所面臨的問題，為後來的革命運動埋下了伏筆。全節深入探討了清帝國應對外部壓力的政策演變及其歷史影響。
9,7,第一冊,5,清帝國時期農商業的發展,1,農業發展,水利建設、農業技術改進,清帝國時期，農業發展得到了顯著的推動，原因在於水利建設和農業技術改進的雙重促進。清政府大力支持治理河川，修築水利工程以確保農田水源供應，這在提高糧食產量和抗旱能力上發揮了重要作用。此外，農業技術的提升，如引進高產農作物種子和改善耕作方法，也有效地增加了農業生產效率。這些措施不僅促進了人口增長的需求，也在一定程度上穩定了社會結構，提升了經濟實力，為後期的社會變革奠定了基礎。
10,7,第一冊,5,清帝國時期農商業的發展,2,商業活動,商業貿易的繁榮、店鋪類型的多樣化,在清帝國時期，商業活動的空前繁榮成為經濟發展的重要引擎。由於農業生產的提高，社會生產力增強，使得商品流通日益頻繁，商業貿易的繁榮程度達到了一個新的高峰。隨著京杭大運河和其他主要水道的暢通，從南到北的物流更為便捷，各地區之間的商品交流得以迅速發展。此外，這一時期商業中心城市迅速崛起，形成了以北京、江南、武漢為代表的貿易重鎮。當時的商鋪類型十分多樣，包括綜合性的商業街市、專業性的行業店鋪等，不僅滿足了人們的生活需求，還促進了不同地區文化和技術的交流與融合。
11,7,第一冊,6,清帝國時期社會文化的變遷,1,漢人社會與文教的發展,科舉制度、書院教育,本節探討清帝國時期漢人社會的文化和教育發展。科舉制度作為國家選拔人才的主要途徑，不僅影響了個人的社會階層流動，也深刻地塑造了整個社會的文化價值觀。此外，書院教育在此時期得到了迅速發展，成為學術交流和社會教育的重要渠道，對於文化的傳播和知識的傳承起到了重大作用。通過這一系統，知識的學習和傳播不再僅僅依賴於家庭教育，而是更多地融入了一種制度化的、大眾化的方式，使得文化教育更具廣泛的影響力。
12,7,第一冊,6,清帝國時期社會文化的變遷,2,原住民的社會文化變遷,平埔族群文化漢化、原住民自治權削弱,本節探討清代原住民社會文化的逐漸變遷，主要聚焦在平埔族群的文化漢化以及原住民的自治權逐漸被削弱。首先，隨著漢人移民增多及漢式教育的推行，許多原住民開始融入漢人文化，逐漸改變傳統生活方式，例如語言、服飾及宗教信仰等方面的調整。其次，清朝政府對原住民地區的控制加強，逐步削弱其自治權，並實施一系列政策以穩定邊疆，這些政策包括設立土司制度及改土歸流等。結果，原住民的傳統社會結構受到挑戰，促使其在社會地位和文化特徵上發生顯著變化。
13,7,第二冊,1,日治時期的政治,1,殖民體制的建立,總督權力、警察統治,本節介紹了日治時期臺灣政治體系的形成，強調殖民體制的建立過程與總督的角色。日本政府在佔領臺灣後，迅速建立起以總督為首的中央集權體制，總督擁有行政、司法、立法等大權，這種極權統治使臺灣迅速納入日本的殖民管理框架中。此外，警察制度的發展也是此時期的重要組成部分，警察不僅負責治安，還負責戶籍管理、衛生等事務，警察控制成為實現殖民統治的重要手段。儘管實行嚴格的控制措施，但這些措施為臺灣現代化發展提供了一定的秩序基礎。
14,7,第二冊,1,日治時期的政治,2,日本治臺政策的演變,內地延長主義、武力鎮壓政策,日本治臺政策經歷了多次演變，初期採取武力鎮壓與內地延長主義並行的策略，希望迅速穩定臺灣局勢並推行日本文化及教育。然而，面對臺人反抗及本土環境不同，政策逐漸調整，轉為更為實用且靈活的方法，結合本土治理和文化滲透。後期強調工業化與現代化建設，希望創造經濟利益，同時加強日本文化影響力。整體而言，日本統治政策變化反映出殖民者從武力控制逐步轉向策略性同化，目的在於文化整合與經濟收益最大化。
15,7,第二冊,1,日治時期的政治,3,理藩政策與原住民的對應,理藩政策、原住民對應,本節內容探討了日治時期臺灣的政治，尤其是日本殖民政府對原住民社會的影響與政策取向。在理藩政策下，日本政府採取了多種方針來管理與同化原住民，包括設置理蕃局以施行直接管理，並進行武力討伐和經濟誘導等手段。此外，原住民被迫適應新的政治秩序，傳統生活方式受到影響。這些政策不僅改變了原住民的社會結構，也引發了多次反抗運動。本節對這些政策的背景、實施過程及其影響進行了深入分析，從而突顯其對臺灣原住民社會的長期影響。
16,7,第二冊,2,日治時期的經濟,1,基礎建設,鐵路建設、港口發展,本節介紹了日治時期台灣的基礎建設，其中鐵路建設和港口發展是兩個重要的方面。鐵路的建設不僅提高了台灣的交通運輸效率，促進了內陸地區的經濟發展，同時也加強了不同地區間的聯繫；而港口的發展則提升了台灣的對外貿易能力，進一步將台灣融入全球經濟體系。這些基礎建設的投入不僅是日治時期經濟發展的重要驅動力，也為台灣的長遠發展奠定了重要的技術和設施基礎。
17,7,第二冊,2,日治時期的經濟,2,工業日本，農業臺灣,工業化發展、農業政策,本節主要探討日治時期日本在台灣所推行的經濟政策。當時，日本將台灣定位為農業供應基地，並利用不同的農業政策來提升稻米及甘蔗等作物的產量；同時，日本也開始在台灣發展工業，主要集中在糖業和礦業等資源型工業上。這種策略造成了台灣經濟結構向農業傾斜，而工業則由日本人主導和掌控。透過這些政策，台灣經濟受到了深遠的影響，既激發了台灣經濟潛力，也帶來了社會結構和土地使用的改變。有助於理解日治時期台灣的經濟變遷及影響。
18,7,第二冊,2,日治時期的經濟,3,工業臺灣，農業南洋,工業化政策、外銷導向,本節介紹日治時期的臺灣經濟轉型，尤其是工業化進程。在日本殖民政府推行下，臺灣逐漸從以農業為主的經濟體轉變為工業化的區域。工業化策略著重於開發資源和基礎設施建設，以支持新興工業的發展。例如，臺灣的糖業和米業在此期間取得顯著發展，外銷商品成為經濟的重要組成部分。此外，殖民政府支持南洋農業發展，以利在國際市場上的競爭。因此，理解這一時期的經濟策略可見當時殖民政府如何利用產業政策促進經濟現代化，並為後續臺灣經濟的發展奠定基礎。
19,7,第二冊,3,日治時期的社會與文化,1,差別待遇的現代教育,社會不平等、教育制度改革,日本在台灣統治時期，引進現代教育制度，設立學校分為公學校和小學校，前者主要招收台灣原住民及較低階層的漢族學生，後者則是由日本學生參加，形成明顯的社會不平等。日治時期的台灣教育政策是以殖民為目的，使教育成為統治工具之一，透過語言、文化課程等方式進行思想同化。教育資源的分配不公導致教育機會的不平等，加上語言政策的實施，使得台灣學生無法獲得完整的母語教育，進一步鞏固了殖民統治；整體而言，日治時期的教育制度不但影響了台灣人的知識獲取與文化認同，也對社會分層及價值觀產生了深遠的影響。
20,7,第二冊,3,日治時期的社會與文化,2,文化啟蒙與政治社會運動,台灣文化協會、新民運動,本節探討日治時期台灣的文化啟蒙與政治社會運動，其中特別強調了台灣文化協會在推廣文化啟蒙方面的角色。協會透過報刊、演講等方式激發民眾意識，促進知識交流與文化自覺，扮演啟蒙思想的推手。同時，也介紹了新民運動，即以政治社會運動形式挑戰殖民體制、爭取台灣人民權益的歷史進程。各種運動雖然面對重重阻力，但仍是台灣社會進步的重要推動力。總體而言，文化啟蒙與政治運動在日治時期相互影響，極大地塑造了台灣日後的發展。
21,7,第二冊,3,日治時期的社會與文化,3,新舊文化的變遷,新舊文化碰撞、文化融合與轉型,在日治時期，台灣社會經歷了新舊文化的激烈碰撞，這段期間日本殖民政府推行現代化教育與基礎建設，加速了西方文明和日本文化的引入，促使社會由傳統向現代過渡。在此過程中，傳統漢文化與新式日文化之間產生了顯著的交流與摩擦，舊有的信仰、習俗、語言等面臨挑戰與衝擊，但也形成了文化上的融合與創新。此外，知識分子和社會精英在文化轉型中扮演重要角色，推動現代思想的滲透與傳播，因此這一階段是台灣文化深刻變遷的時期，奠定了現代台灣文化的基礎。
22,7,第二冊,4,戰後臺灣的政治,1,戰後初期與二二八事件,二二八事件、戒嚴時期,戰後初期，臺灣面臨政治與社會的重大轉變。光復後，臺灣由國民政府接管，但由於政治腐敗與經濟困難，加劇了民眾的不滿。1947年2月28日，由於政府的專制與壟斷經濟政策，爆發了「二二八事件」，衝突持續數週，成為臺灣歷史上重要的悲劇事件。此事件後，國民政府加強對臺灣的控制，實施長期戒嚴，限制政治自由。此時期，臺灣的政治環境動盪不安，社會矛盾加劇，奠定了未來政治改革與民主化的重要基礎。
23,7,第二冊,4,戰後臺灣的政治,2,戒嚴體制與白色恐怖,戒嚴體制、白色恐怖,本節探討了戰後臺灣在戒嚴體制下的社會狀況，重點關注戒嚴法的實施對臺灣社會和民眾生活的影響。隨著國民政府遷台，為應對外部威脅和內部不安定因素，戒嚴體制成為社會治理的核心手段，賦予政府更大權力以控制社會和打擊異見人士。這一時期被稱為白色恐怖，因為大量人權侵害事件，包括政治迫害和言論自由受限，部分人士被關押或迫害，對社會造成深遠影響。儘管如此，該體制亦被視為促進經濟發展和維持社會穩定的一部分，然而其負面影響在後續的民主化進程中逐步被揭示與反思。
24,7,第二冊,4,戰後臺灣的政治,3,政治民主化的歷程,政治改良運動、解除戒嚴,本節探討臺灣在解除戒嚴後的政治民主化發展，從1980年代的政治改良運動開始，社會上對民主改革的需求愈發強烈，推動了政治體制的轉變。在當時，台灣面臨內外壓力，要求民主政治的聲音高漲，而戒嚴的解除是民主化進程的一個重要里程碑。隨著政治改良運動的崛起，政府逐步放寬對政治集會和結社的限制，使得更多元的政治聲音能夠被聽到，並且逐漸為臺灣的政治民主化奠定了基礎。
25,7,第二冊,5,戰後臺灣的外交,1,臺灣的對外關係,國際承認問題、外交政策調整,本節主要介紹了二戰結束後臺灣在國際社會中的地位及其外交政策演變。戰後初期，臺灣由中國國民政府接管，隨後中華民國政府遷臺，面臨國際承認的挑戰。1950年代，在美國支持下，臺灣積極維持外交關係，但隨著1971年中華人民共和國在聯合國取得席位，臺灣退出國際組織的地位逐漸下降。為應對國際承認問題，臺灣不斷調整其外交政策，推動務實外交，透過經濟與文化交流維護國際關係。此外，臺灣持續鞏固與少數邦交國的合作，同時發展與非邦交國的實質關係，以維持國際影響力。
26,7,第二冊,5,戰後臺灣的外交,2,臺海兩岸關係的演變,政治互動、經濟交流,本節主要探討自1949年兩岸分治以來，臺海兩岸關係的歷史演變。隨著冷戰結構的改變及中國大陸改革開放政策的推行，兩岸在政治互動和經濟交流方面逐漸出現變化。1980年代末期，兩岸開啟溝通對話，並在1990年代簽署多項協議，促成直航、通商與通郵等三通的部分實現。進入21世紀後，兩岸關係受到多重因素影響，雖有波動但大致在和平穩定中持續推進。本節旨在剖析兩岸關係發展所面臨的機遇及挑戰，並探討未來可能路徑。
27,7,第二冊,6,戰後臺灣的經濟與社會,1,經濟的發展,經濟改革、工業化進程,戰後臺灣經濟的發展主要圍繞著經濟改革與工業化進程。政府在戰後進行一系列經濟改革，解決土地問題，推動農業現代化，並促使工業化進程加速。隨著美援的引入，以及政府的外匯管制與稅制改革，臺灣的經濟體系得以架構完善。這些政策不僅奠定了臺灣經濟的穩定基礎，也促進了出口導向的工業經濟。其次，熱衷於製造業的政府提供各種經濟優惠，吸引外資，形成臺灣經濟快速發展的奇蹟。整體來看，臺灣在戰後成功完成了從農業社會到工業社會的轉變。
28,7,第二冊,6,戰後臺灣的經濟與社會,2,社會與文化的變遷,社會現代化、文化多元化,戰後臺灣的社會發展經歷了從農業社會向工業化與現代化社會的轉變。經濟發展帶動了社會現代化，都市化進程加快，人們生活方式逐漸由傳統轉向現代，這包括家庭結構的變化與職業選擇的多元化。同時，教育的普及和社會流動性增強也促使了社會階層的變遷。臺灣在這段時間裡逐步建立了社會保障體系，改善民生與提高生活品質。此外，戰後的經濟繁榮吸引了不同族群移民勞工，形成了文化多元化的社會結構，進一步推動了文化的互融與交流，豐富了臺灣的文化圖景。
29,8,第三冊,1,商周至隋唐時期的國家與社會,1,封建的形成與瓦解,封建制度、多國分裂,本節探討了從商周至隋唐時期封建制度的形成、演變及其瓦解的過程。首先，封建制度在西周時期初步形成，這是一種基於血緣關係的政治制度，用於加強中央對地方的控制。各地諸侯獲得土地與軍隊，但需向天子效忠。這些封建國家的權力分配方式在周朝後期逐漸導致地方實力增強，中央政權削弱。隨著春秋戰國時期的多國分裂，封建制度受到了極大的挑戰，最終在秦漢時期被郡縣制取代。總之，封建制度的發展與衰亡展現了中國古代政治制度的演變。
30,8,第三冊,1,商周至隋唐時期的國家與社會,2,帝國的分合與政權維繫,封建制度、分封與郡縣制,帝國的分合與政權維繫這一節旨在探討從商周時期到隋唐時期中國帝國的政治架構與演變過程。首先，封建制度是商周時期的核心政治體制，透過分封諸侯的方式來維繫中央與地方的紐帶。然而，這一制度逐漸顯露出其缺陷，特別是在地方諸侯強大後對中央權威的威脅。相對應地，郡縣制自秦朝起開始逐步取代封建制度，這是一項重大政治改革，旨在鞏固中央集權體制，並確保地方與中央直接相聯。因此，封建制度的演變、分封與郡縣制成為理解帝國政權維繫的重要知識點，這也為隋唐時期更完善的行政體制奠定基礎。整體來說，本節揭示了帝國統治結構在歷史長河中的演進，從而影響後世。
31,8,第三冊,2,商周至隋唐時期的民族與文化,1,商周至隋唐的民族關係,華夏族與周邊民族互動關係、民族融合與文化交流,本節主要探討從商周到隋唐時期，華夏民族與周邊少數民族之間的互動關係。隨著中原地區政權的更迭，各民族間的關係也在不斷變化。早期，商周時期華夏族主要以軍事征服及貢納體系管理周邊民族，隨著漢代的強盛，漢族與匈奴及周邊西域民族的關係進一步發展，通過絲綢之路促進了文化交流及經濟繁榮。隋唐時期，由於國力的穩定增強，華夏族開始實行開放的民族政策，加強與西域、草原民族的聯繫，這不僅促進了彼此之間的融合，也在文化、宗教、技術等方面形成了廣泛而深刻的交流，對中國的統一及多元文化的形成具有深遠影響。這些歷史階段的民族互動不僅影響中國的歷史進程，亦為現代提供了重要的多民族和平共處的參考。
32,8,第三冊,2,商周至隋唐時期的民族與文化,2,各民族文化的交流與影響,多元文化交流、民族融合,本節介紹了從商周至隋唐時期各民族之間的文化交流與影響。商周時期，中原地區與周邊民族的接觸已經開始，這種交流在春秋戰國時期更加密切，秦漢時期建立了開闊的貿易道路。隋唐時期則是文化交融的巔峰，各民族在思想、藝術、科技等方面相互借鑒，共同繁榮，促成了中華文化的多樣性和豐富性。這種交流不僅促進了各民族的發展，也為後世的文化融合奠定了基礎。學習本節內容有助於了解中國歷史上的民族互動及其對文化發展的長遠影響。
33,8,第三冊,3,宋元多民族並立的時期,1,宋元時期國際的對抗與征服,經濟文化交流、蒙古西征,宋元時期，經濟文化交流顯著發展。宋朝的經濟雖遭外族威脅，但因科技和貿易的進步，仍在國際上扮演重要角色。尤其與周邊國家密切交流，不僅促進了商品流通，還帶來文化技術的互補和提升。另一方面，元朝的建立是蒙古西征的結果，成吉思汗及其後繼者推動的擴張政策，使疆域擴大，形成龐大的帝國版圖，甚至影響到歐洲和中東等地。這一時期不同民族文化的交融與對抗，為後續的政治格局和經濟往來打下基礎。整個時期的國際對抗與征服，深刻影響了中國及周邊地區社會結構的變遷。
34,8,第三冊,3,宋元多民族並立的時期,2,宋元時期的經濟貿易,商業繁榮、城市發展,宋元時期經濟貿易發展迅速，特別是在南宋和元朝，隨著商品經濟的活躍，城市化進程加速，出現了許多繁華的大城市，如臨安、杭州等，這些城市不僅是政治和文化中心，亦是經濟交易的樞紐。絲綢、瓷器等成為重要的出口商品，促進了對外貿易的繁榮。此外，由於海運技術的進步，海上貿易較以往更加發達，形成以中國為中心的國際貿易網絡。此外，金融市場的發展亦值得注意，商業信用及紙幣出現，表明經濟體系日益複雜，進一步助推了經濟發展，影響深遠。
35,8,第三冊,3,宋元多民族並立的時期,3,宋元時期的文化交流,市舶司、四大發明,宋元時期是中國多民族文化交流的重要階段，此時各種文化在交流和碰撞中相互融滙，形成了具有豐富多樣性的文化景觀。在海上和陸上絲綢之路的推動下，宋元成為世界經濟的一個重要樞紐，市舶司等機構的設立促進了中外貿易往來。這一時期的科技與文化發展尤為突出，四大發明之一的印刷術在宋朝得到改進，對知識的傳播影響深遠。此外，儒學與佛教、道教融匯，形成了新的社會思想體系，豐富了中國及周邊地區的文化面貌。
36,8,第三冊,4,明清時期東亞世界的變動,1,明清帝國的建立與擴張,明朝的建立與擴張、清朝的建立與擴張,本節介紹了明朝和清朝在東亞地區的建立與擴張過程。首先，明朝由朱元璋建立，推翻了元朝的統治，並通過一系列的軍事和政治措施來穩固政權和擴張領土。在此過程中，明朝還進行了海禁政策和中央集權的政策改革。其後，清朝由滿族人建立，通過入關和封建制度的整合來鞏固統治地位。清朝在康熙、乾隆等皇帝的治理下進一步擴大了版圖，進行了多次的對外征戰及與周邊國家的外交往來，促使東亞地區的政治格局發生顯著變化。整節內容對明清兩朝的崛起及其對東亞影響的探討，展示了此時期的政權軍事與外交策略以及文化交流。
37,8,第三冊,4,明清時期東亞世界的變動,2,明清的經濟與全球貿易,經濟改革與貿易擴張、全球貿易體系建立,明清時期，隨著政治穩定和經濟政策的改革，東亞地區的經濟迅速發展。明朝中期開始出現一系列經濟改革，尤其是“一條鞭法”的推行，使得稅制更加合理並促使資本的積累和流動。清朝時期，全球貿易體系逐步建立，歐洲的殖民擴張和貿易擴張使中國卷入了全球貿易之中，尤其是與西班牙和葡萄牙等國的海上交易，促成了白銀經濟的繁榮。這一時期，絲綢、茶葉和瓷器等產品流通至世界各地，使東亞文化和產品融入全球市場，進一步推動了經濟的國際化和貿易的持續繁榮。
38,8,第三冊,4,明清時期東亞世界的變動,3,東亞世界與西方的文化交流,西學東漸、文化互鑑,本節探討明清時期東亞與西方在文化上的交流與互動，這一時期西學東漸成為重要特點。耶穌會士如利瑪竇等人進入中國，推動天主教傳播的同時，他們也帶來了西方的科學技術和文化思想，對中國的學術界和社會造成了影響。另一方面，中國的儒學、藝術和技術也傳入歐洲，促成了雙方的文化互鑑。這種文化交融促進了中西雙方的知識更新與社會變革，形成了豐富多彩的文化歷史畫卷，為全球化交流提供了早期範例。
39,8,第三冊,5,西方衝擊下的東亞世界,1,西方對東亞世界的衝擊,工業革命、通商條約,19世紀中期，隨著工業革命的推進，西方列強加快了對外擴張的步伐，對東亞世界帶來了深遠的影響。西方國家以其技術優勢和工業產出，迫使中國和日本等東亞國家開放市場和簽訂不平等的通商條約。在這一過程中，西方的技術、思想和制度傳入東亞，對東亞的政治、經濟和社會產生了巨大的影響。在工業化和現代化的需求下，東亞各國被迫進行一系列的改革，以應對西方國家的威脅，從而在政治體制和經濟結構上出現了一定程度的變革。這一時期，東亞各國的對外政策和內部改革策略深受西方影響，並試圖在接受西方技術和思想的同時，保持本國的文化與傳統。
40,8,第三冊,5,西方衝擊下的東亞世界,2,中日對西方衝擊的回應,西方衝擊、改革應對,本節主要探討19世紀中葉以來，西方殖民主義的擴張對東亞地區，中國與日本的影響，以及兩國在面對這種衝擊時採取的不同應對策略。中國在鸦片战争後遭受嚴重的主權侵害，內部矛盾激化，導致自強運動的興起，但效果有限。日本則通過明治維新迅速現代化，推動政治、經濟和軍事改革，成為亞洲首個工業化國家。這段歷史凸顯出兩國在遭遇外來壓力時的不同選擇所帶來的歷史後果，強調了改革與開放在國家發展中的重要性。
41,8,第三冊,5,西方衝擊下的東亞世界,3,甲午戰爭後的變局,甲午戰爭、列強瓜分東亞,甲午戰爭後，東亞局勢發生重大變化。清朝慘敗於日本，導致《馬關條約》的簽訂，不僅賠款巨大，更失去臺灣等重要領土。此事件震撼中韓兩國，加速了社會改良的呼聲。日本則藉此迅速崛起，挑戰傳統列強地位。各國列強見中國虛弱，更積極尋求在華利益，形成瓜分勢態。中國內部隨之出現了一系列變局，如戊戌變法等改革嘗試，儘管最終未能成功，但激發了後續的改革運動，對東亞政治格局產生深遠影響。
42,8,第三冊,6,晚清社會文化的調適與變遷,1,城市風貌與新媒體,城市化進程、新媒體興起,本節介紹了晚清時期城市化進程的加速，帶來城市風貌的顯著轉變。隨著經濟的發展和社會的變遷，城市中心逐漸成為商業和文化的核心。同時，新媒體的興起，如報刊、雜誌等，對社會文化產生了深遠影響，促進了信息傳播和社會變革。這些新媒體不僅是知識傳遞的重要渠道，還促進了社會的開放和思想的解放，成為推動晚清時期文化變遷的重要力量。通過對城市風貌和新媒體的分析，揭示了這一時期社會文化調適的特點與趨勢。
43,8,第三冊,6,晚清社會文化的調適與變遷,2,家族與婦女角色的轉變,家族結構變遷、婦女社會地位提升,本節探討晚清時期家族結構及婦女角色的重大變遷，隨著社會文化的調適，宗族制逐漸解體，核心家庭形式崛起，經濟壓力與城市化促進家庭結構的小型化。同時，外部影響如西方思想的引入促使婦女逐漸突破傳統角色束縛，接受教育和參與社會活動，女權思想萌芽，婦女在家庭及社會中的地位逐步提升，這些變化為日後中國婦女運動奠定基礎，反映了變遷中的晚清社會在面對內外挑戰時的適應能力與努力。
44,8,第四冊,1,中華民國的建立,1,帝國崩解與民國的建立,帝國崩解、中華民國成立,辛亥革命是中國近代歷史的一個重要轉折點，標誌著清朝帝制的最終崩解及中華民國的成立。清王朝統治的腐朽和無能激發了廣泛的改革及革命運動，其中以孫中山為首的革命黨人發起了一系列武裝起義。這些努力最終促成了1911年10月10日的武昌起義，之後革命風潮迅速擴展至全國，導致清朝滅亡。隨後，中華民國於1912年1月1日正式宣告成立，成為亞洲第一個民主共和國，推翻了延續兩千餘年的帝制，為中國的現代化開創了新局面。然而，重建國家的任務異常艱巨，新政權面臨政治、經濟和社會等多重挑戰，特別是在统一與改革之间的权力斗争仍持续存在。
45,8,第四冊,1,中華民國的建立,2,袁世凱與洪憲帝制,善後大借款、洪憲帝制,本節探討了袁世凱在辛亥革命後的政治動作及其對中華民國的影響。首先，袁世凱為了鞏固政權，從國外籌措善後大借款，使得政府財政依賴外國勢力，加深了中國的半殖民地化。此外，袁世凱意圖恢復帝制，成立洪憲帝制，以期重建中央集權，但遭到全國範圍的強烈反對，最終導致帝制失敗。袁世凱的行動引發了國內嚴重的政治動盪，不僅破壞了新生共和國的民主基礎，也引起軍閥割據的局面。這一時期的政治動盪，為後來北洋政府的不穩定埋下伏筆。
46,8,第四冊,1,中華民國的建立,3,軍閥統治與南北分裂,割據軍閥、南北議和,本節探討中華民國建立後面臨的內部分裂與軍閥割據現象。辛亥革命推翻清王朝後，中華民國成立，但全國並未形成統一的政治體制，地方實力派人物紛紛擁兵自重，形成軍閥割據的局面。北洋軍閥崛起，南北議和成為常態。然而，軍閥之間為爭奪權力，發生了多次武力衝突，削弱了國家的政治和經濟實力。不同的軍閥甚至各自建立區域性政府，形成彼此對峙、不相統屬的局面，成為1920年代以後中國面臨的主要挑戰之一。這一時期的軍閥政治，對中華民國的政治發展產生了深遠的影響，並為後來的國共合作和抗戰背景鋪設了歷史基礎。
47,8,第四冊,2,舊傳統與新思潮,1,新文化運動,民主、科學,新文化運動是中國現代化進程中的一次重要文化創新，它始於1910年代，旨在推動民主與科學兩大核心價值。該運動批判舊傳統，尤其是儒家思想，希望建立一個更加理性和公平的社會。運動推動文學革命，提倡使用白話文，以提高全民教育水平。新文化運動還促使民眾以批判視角重新審視自身文化和價值，進而促進思想的解放和變革。儘管其遭遇到保守勢力的阻力，但對後續的五四運動及整個中國現代化進程產生了深遠影響，成為20世紀中國社會變革的奠基石。
48,8,第四冊,2,舊傳統與新思潮,2,五四運動,新文化運動、民族主義,五四運動是中國現代歷史上一場重要的政治及文化運動，發生在1919年，主要由學生發起，迅速引發社會各界的關注和參與。這場運動不僅是對當時政府外交失敗的不滿，也是對傳統文化束縛的反抗，旨在促進科學和民主。作為新文化運動的延續，五四運動強調問題與解放，啟發了中國知識分子對於新思潮的追求。這次運動促進了中國現代化進程，深遠影響了中國之後的政治、思想和文化發展，是民族主義重新崛起的重要契機。
49,8,第四冊,2,舊傳統與新思潮,3,社會變遷,社會階級變遷、新技術對社會影響,本節探討了社會變遷的多方面影響，尤其集中在社會階級的變遷以及新技術的引入如何改變社會結構和生活方式。首先，隨著工業革命的推進，傳統的階級結構受到了挑戰，新興的工業階級逐漸崛起，改變了社會的權力分配。其次，新技術的引入推動了生產力的提高，同時也帶來了新型社會問題，如城鎮化過程中的人口過密和環境污染問題。這些變化不僅影響到了經濟結構，還導致了教育、文化等領域的深入變革，最終促成了新舊思潮的碰撞，塑造了現代社會的多元面貌。總之，這一章節強調了社會變遷不可避免且具深遠影響。
50,8,第四冊,3,現代國家的挑戰,1,國民政府的成立與建設,國民黨的北伐、民國初期的政治變遷,本節討論了在中華民國建國後初期面臨的挑戰與建設工作。隨著清朝的覆滅與辛亥革命的成功，中國開始進入共和國時期。然而，政治上的分裂和軍閥割據使得新生的共和國面臨重重困難。國民黨的北伐運動成為本節的重點，它旨在統一全國，結束軍閥割據，建立強而有力的中央政府。北伐的成功使得南京國民政府得以成立，標志著中國政治上的重大變革。隨後，如何建設與鞏固新政府成為新的挑戰，尤其是在政治制度的建立以及社會經濟的改革方面。這一時期的歷史進程不僅為後來的國共合作奠定了基礎，也使得中國在尋求現代化的道路上有所進展。
51,8,第四冊,3,現代國家的挑戰,2,國民政府的內憂與外患,蔣中正的領導、共產黨的崛起,本節探討了國民政府從建立到面臨崩潰的一段歷史過程，聚焦於蔣中正的領導風格如何影響國民政府的發展及其持續性。在內部，政府面臨來自中國共產黨的日益增長的威脅，共產黨的崛起和其有效的組織能力對國民政府構成嚴峻挑戰；外部則需要應對國際各國在東亞地區政治和經濟利益的牽制。國民政府試圖通過政治改革和系統性的推廣西方現代化理念來穩固其統治，但卻未能成功解決經濟困境和深層社會問題。這些內憂外患最終導致國民政府的失敗，並促使中國政治格局出現重大變革。
52,8,第四冊,4,現代國家的變局,1,中日戰爭,中日甲午戰爭、馬關條約,中日戰爭對東亞的地緣政治局勢產生了深遠影響。首先，1894年至1895年的中日甲午戰爭是中國與日本之間的一次重要衝突，這場戰爭的起因與東亞地區的政治格局變化密切相關，也反映了日本對外擴張的野心。其次，戰爭結束後簽訂的馬關條約，不僅讓日本獲得了台灣和澎湖群島的統治權，還加深了列強對中國的侵略和瓜分，進一步削弱了清政府的統治基礎。整體而言，中日戰爭的爆發和後續條約的簽署對中國近代歷史進程有著決定性的影響，並且促使中國社會加速西化改革，嘗試變革以應對外部壓力。
53,8,第四冊,4,現代國家的變局,2,東亞人民的苦難,甲午戰爭、東亞協約,這一節主要探討東亞地區在近代歷史進程中所遭受的苦難，特別是由於西方列強的入侵和本地戰爭所帶來的影響。首先，對甲午戰爭的起因、過程和結果進行解釋，這場戰爭不僅改變了東亞的政治版圖，也對各國的社會結構帶來了深遠影響。其次，討論東亞協約，認知此協約建立背後的力量較量和其帶來的後果，特別是對東亞地區各國之間的互動和關係轉變的影響。在此期間，各國人民面臨文化滲透和經濟剝削的艱辛，從歷史角度探討這一地區所經歷的社會變革與外部干預，並解析其對未來的持久影響。
54,8,第四冊,4,現代國家的變局,3,從國共內戰到中華民國政府還臺,國共內戰、國民政府還臺,本節介紹了國共內戰結束後中華民國政府撤往臺灣的歷史背景與影響。在抗日戰爭結束後，中國爆發國共內戰，國民黨與共產黨進行了激烈的權力鬥爭，最終中共取得大陸的控制權，成立了中華人民共和國。隨著內戰局勢的惡化，中華民國政府被迫撤退到臺灣，並在島上重組政府機構。此舉對兩岸關係及東亞地緣政治產生深遠影響，同時也為臺灣的政治發展與經濟振興奠定了基礎。在這段過程中，中華民國政府在臺灣推動了一系列政治改革及經濟建設，以鞏固其在臺的執政基礎，並開始與國際社會建立新的外交關係。
55,8,第四冊,5,共黨政權在中國,1,中華人民共和國的成立,中華人民共和國成立、毛澤東就任,本節講述了中華人民共和國的成立過程及其初期的重要歷史事件。1949年10月1日，毛澤東在北京天安門廣場宣布中華人民共和國成立，標誌著中國進入社會主義新時代。毛澤東成為國家主席，帶領中共和人民政府進行一系列的政治、經濟、社會改革，包括土地改革、經濟國有化以及推動社會主義建設。新中國的成立結束了長期的內戰，實現了國家統一，並且在國際上逐漸獲得承認，為中國的現代化發展奠定了重要基礎。本節還探討了中共和平建設道路上的挑戰及初期外交政策的探索。
56,8,第四冊,5,共黨政權在中國,2,文化大革命,紅衛兵運動、破四舊,文化大革命是一場發生在中國的政治運動，從1966年至1976年持續了十年。此運動由毛澤東發起，旨在鞏固其政治權力及推進共產主義意識形態。文化大革命的開端是紅衛兵運動，學生紅衛兵積極參與，掀起了廣泛的群眾運動。此外，推動"破四舊"運動，試圖破除舊思想、舊文化、舊風俗、舊習慣，造成社會極大動蕩。知識分子、文化遺產、宗教信仰都受到嚴重打擊。運動後期，革命的矛頭指向黨內高層，造成黨內鬥爭，眾多幹部受到迫害。文化大革命對中國社會、政治、經濟各方面造成深遠影響，結束後，重建社會秩序及經濟發展成為主要任務。
57,8,第四冊,5,共黨政權在中國,3,改革開放至今,改革開放、經濟騰飛,本節主要介紹了自改革開放以來中國的發展歷程和重大變革。改革開放始於1978年，是一個從計劃經濟轉型為市場經濟的重要轉折點，帶動了中國經濟的騰飛。此過程中，政府引入市場經濟元素，實行對外開放政策，吸引外國投資，推動技術和知識的引進，使得中國在短時間內經濟迅速增長。與此同時，中國的社會結構、文化生活及對外關係也發生了重大變化，逐漸融入全球化進程。在政治上，則保持了中國特色的社會主義制度，兼顧經濟發展與社會穩定。
58,8,第四冊,6,當代東亞的局勢,1,冷戰時期的東亞,冷戰體系、東亞的力量對比,本節主要介紹冷戰時期在東亞地區所形成的國際局勢。隨著第二次世界大戰的結束，東亞進入了冷戰體系，區域內開始形成兩大陣營——以美國為首的西方陣營和以蘇聯、中國為代表的共產主義陣營。朝鮮戰爭爆發成為該地區冷戰的重要標誌，進一步加深了陣營之間的對立。此外，冷戰時期日本的經濟崛起和中國的社會主義建設也給東亞地區帶來了深遠影響。東亞地區的政治、經濟和軍事力量對比因此發生重大變化，形成了獨特的國際格局。
59,8,第四冊,6,當代東亞的局勢,2,東南亞國際組織的蛻變,區域合作、政治經濟整合,本節介紹了東南亞國際組織的演變過程，特別是如何從最初的鬆散合作向更加緊密的政治和經濟一體化方向發展。東南亞國際組織如東盟（ASEAN）逐漸擴展其成員國，並在區域合作中扮演更加積極的角色。隨著經濟全球化的進展，這些組織致力於通過建立自由貿易區和擴大區域內的經濟聯繫來促進經濟增長。此外，政治上的合作也在增強，各國通過協商解決區域內的政治和安全問題，從而提升整體的穩定性和影響力，展示了東南亞區域合作的多層次變革與挑戰。
60,9,第五冊,1,古代文明的诞生,1,西亞古文明,美索不达米亚文明、苏美尔人,西亞古文明是人类历史上最早出现的几个古代文明之一，主要位于现今的伊拉克地区，历史上称为美索不达米亚。该地区因其富饶的两河流域而孕育了众多文明，其中最著名的是苏美尔文明和阿卡德文明。苏美尔人被认为是美索不达米亚最早的文明创造者，他们建立了许多独立的城邦，如乌鲁克、乌尔和拉加什等，并在建筑、法律和数学等领域作出杰出贡献。楔形文字的发明是这时期最重要的成就之一，它标志着人类进入文明社会的新时代。此外，西亞古文明还有着先进的农业技术和灌溉系统，这为当地社会经济结构的形成提供了基础。然而，美索不达米亚文明也经常面临外来入侵和自然灾害的挑战，这些因素对其发展产生了深远影响。
61,9,第五冊,1,古代文明的诞生,2,埃及古文明,尼羅河泛濫、水利工程,埃及古文明的发展与尼羅河的关系极为密切，尼罗河的定期泛滥为埃及提供了肥沃的土壤，成为农业发展的基础。人们通过建造水利工程，发展了灌溉系统，以适应河水的季节性变化，从而实现了农业的高产。这不仅促进了社会经济的稳定和繁荣，同时也为文化的形成提供了物质条件。此外，埃及人伟大的建筑成就，如金字塔和神庙，都显示了他们在工程技术及组织劳动方面的卓越能力。这些成就不仅体现了古埃及人的智慧和创造力，也奠定了其古代文明的重要地位，影响深远。
62,9,第五冊,1,古代文明的诞生,3,印度古文明,印度河流域文明、种姓制度,本节介绍了古代印度的文明起源和其早期社会结构。从时间追溯至公元前2500年的印度河流域文明，该文明是世界上最早的城市文明之一，以其发达的城市规划和先进的建筑技术闻名。哈拉帕和摩亨佐达罗是其中最具代表性的城市，展现了卓越的古代城市规划及公共设施。随着印度河流域文明的衰落，雅利安人的入侵引入了一种全新的社会结构，即种姓制度，它深刻影响了印度社会的阶级分化和文化发展。通过对这些古代文明的研究，可以了解到古代印度在城市建设、社会结构及文化交流方面的卓越成就以及其对后世的影响。
63,9,第五冊,2,古希腊羅馬文化的開展,1,希臘的古典文化,人文主義、哲學思想,本節涵蓋古希臘的古典文化背景，強調其在人文主義和哲學思想兩方面的重要影響。首先，古希臘的文化以人文主義為核心，強調對人類生活、價值和理性的重視，這成為後來西方文化的基石。其次，古希臘的哲學思想有著深刻的影響力，蘇格拉底、柏拉圖和亞里士多德等哲學家的作品對西方哲學體系的建立至關重要，他們的思想促進了理性批判及科學精神的發展，為後世提供了無數的理論參考。由此可見，古希臘文化在藝術、文學以及科學領域都留下了不可磨滅的印記。
64,9,第五冊,2,古希腊羅馬文化的開展,2,羅馬的政治與文化發展,羅馬法發源與演變、罗马建築與文化成就,本節介紹了羅馬帝國從政治體制到文化發展的過程。羅馬法是其政治制度的重要支柱，以《十二铜表法》為起點漸進發展，形成完备的法律體系，影響深遠，成為現代法律制度的基礎之一。羅馬的君主制、共和制與帝國制政治变革，反映出對權力平衡的持續摸索和調整。此外，羅馬在文化藝術上也達到高度繁榮，特別是以建築成就為代表，如鬥獸場和萬神殿等，承襲和融合希臘文化元素，形成獨具特色的羅馬風格，這些都構成其重要的歷史遺產。
65,9,第五冊,3,普世宗教的發展,1,基督教的起源與傳布,耶穌的教誨、基督教的傳播,基督教的起源與傳播這一節介紹了基督教的基礎及其早期歷史。基督教起源於公元1世紀的羅馬帝國，耶穌基督被視為信仰的中心，其教誨強調愛、寬恕及對來世的希望，並吸引了眾多追隨者。耶穌的門徒，尤其是彼得和保羅等，使徒在他的逝後，積極傳播福音，將信仰傳至歐洲、亞洲及非洲的不同城邦和國家。基督教發展迅速，在歷經迫害後於4世紀獲得合法地位，並最終成為羅馬帝國的國教，顯示出其早期傳播過程中的重要里程碑。
66,9,第五冊,3,普世宗教的發展,2,伊斯蘭教的興起與擴張,穆罕默德的生平、哈里發帝國擴張,本節介紹了伊斯蘭教的起源和早期發展，重點在於聖先知穆罕默德的生平和其宗教啟示，從而創立了以《古蘭經》為核心經典的伊斯蘭教。穆罕默德所宣揚的宗教理念迅速在阿拉伯半島傳播開來，他建立的信仰團體逐漸凝聚成為一個強大的政治和軍事實體。穆罕默德逝世後，首任哈里發阿布·伯克爾和其繼任者繼續推動伊斯蘭的擴張，在短短幾十年內，哈里發帝國的勢力範圍已經擴展至中東、北非和部分南歐地區，成為當時世界上最強大的帝國之一。這一時期的擴張不僅促進了文化的交流，也使伊斯蘭教逐漸成為普世宗教，影響深遠。
67,9,第五冊,4,近代歐洲的興起,1,文藝復興,人文主義、古典文化復興,文藝復興是一場自14世紀至17世紀期間發生在歐洲的文化運動，旨在重新發現古典希臘和羅馬的藝術和思想。此運動發端於義大利，其特點是強調人文主義，聚焦於現實世界和人類經驗的重要性。藝術家、科學家和哲學家受古典文化啟發，開創出全新的人類視野和智識探索。在藝術領域，風格更趨向現實主義，透過技巧如透視法來表現深度。同時，在文學與思想上也出現了大量以人為中心的作品和觀點，這場智識覺醒對歐洲文化與社會的改革產生了深遠影響，奠定了近代歐洲革新與繁榮的基礎。
68,9,第五冊,4,近代歐洲的興起,2,宗教改革,宗教改革的原因、宗教改革的影響,宗教改革是16世紀發生在西方基督教世界的一場重要運動，其起因主要來自於對羅馬天主教會的腐敗和教條不滿。馬丁·路德在1517年發布九十五條論綱，挑戰教皇的權威，引發了宗教改革的浪潮。此運動迅速席捲歐洲，並分裂了基督教世界，形成新教的誕生。宗教改革不僅在宗教層面帶來了重大變革，也在政治、經濟和社會結構上造成了深遠的影響，促進了民族國家意識的崛起和個人思想自由的發展。這一改革運動奠定了近代歐洲變革的基石，改寫了歐洲的歷史。
69,9,第五冊,5,多元世界的互動,1,歐洲的海外擴張,地理大發现、西方殖民體系,本节主要介绍了欧洲在15世纪末到18世纪初的海外扩张历程。首先，地理大发现是欧洲海外扩张的起点，葡萄牙和西班牙的探险家如哥伦布、达伽马等人，先后开辟了通往亚洲、新大陆的航线，极大地改变了世界格局。其次，形成了以西欧国家为中心的西方殖民体系，这些国家通过军事征服、经济剥削和文化传播等方式，巩固其在非欧地区的霸权地位。这一时期的海外扩张不仅推动了全球贸易的发展，还对被殖民地区的社会经济结构产生了深远影响。
70,9,第五冊,5,多元世界的互動,2,美洲古文明與殖民統治,敬畏自然與宗教崇拜、歐洲殖民與衝突,本節主要介紹了美洲古文明如瑪雅、阿茲特克與印加等文明，這些文明之間有著複雜的社會結構和獨特的文化信仰，其中敬畏自然與宗教崇拜在他們的生活中起著重要作用。另外，本節討論了歐洲國家如西班牙、葡萄牙在地理大發現後，如何通過征服和殖民而在美洲建立起自己的統治，這一過程對當地社會和原住民造成了深遠的影響，包括文化衝突、人口減少及疾病傳播等問題。整體而言，這一部分探討了古文明的榮耀與衰落，及殖民治下的文化交融與衝突。
71,9,第五冊,5,多元世界的互動,3,近代東南亞與南亞,殖民主義影響、反殖民運動,本節主要介紹了近代東南亞與南亞在殖民主義影響下的背景。隨著歐洲列強的擴張，東南亞及南亞地區淪為殖民地，當地的政治、經濟和社會結構均受到重大影響。雖然殖民主主義為這些地區帶來了現代化的某些元素，但也加劇了貧富差距，並引發了資源掠奪與文化衝突。除了殖民影響外，本節還討論了東南亞及南亞人民的反殖運動。面對外來壓迫，當地出現了多種形式的抗爭與獨立運動，以回應殖民主義的壓迫並奮力求取民族自決與主權。這些運動最終促成了部分地區的獨立，然而過程中也充滿了艱難與曲折。
72,9,第五冊,5,多元世界的互動,4,澳洲原住民與殖民統治,澳洲原住民、殖民統治,本節探討澳洲原住民在面對歐洲殖民者到來後所遭受的巨變，以及隨之而來的社會文化變遷。原住民在殖民統治下，面對著土地被侵占、傳統生活方式受到衝擊，人口銳減等嚴峻挑戰。殖民者帶來的疾病、種族歧視政策，加深原住民社會的動盪與衝突。然而，近代也開始注重原住民權利與文化保存，例如政府政策的轉變和過去不公正對待的正式道歉。本節旨在幫助理解多元世界中，殖民歷史對原住民族群的長期影響與當代的回應與修復努力。
73,9,第五冊,6,近代歐洲的變革,1,科學革命,科學方法、科學家貢獻,科學革命是近代歐洲從中世紀思維模式轉型的重要時期，這一段期間涌現出多位傑出科學家，他們的貢獻深刻改變了人類對於宇宙與自然的理解。科學方法的出現以及實驗與觀察的強調，成為許多偉大科學發現的基礎。在這個時期，哥白尼提出了日心說，伽利略使用望遠鏡觀察星空，牛頓則發表了萬有引力定律，這些重大的發現不僅衝擊了當時的宗教觀念，也為後續科學發展奠定了基礎。這些科學家勇於挑戰當時既有的學說，彰顯了科學精神的重要性，為人類社會帶來了知識的光芒。
74,9,第五冊,6,近代歐洲的變革,2,啟蒙運動,理性主義、自由平等,啟蒙運動是18世紀歐洲一場重大的思想運動，其核心價值包含追求理性和知識，以及強調人類的理性思維和經驗是理解世界的關鍵。運動倡導者如伏爾泰、盧梭等人提倡自由、平等和民主，反對專制和宗教迷信。他們主張改革社會和政治架構，以人類理性和科學作為進步的基礎，影響深遠，為後來的法國大革命及歐洲其它地區的社會變革奠定了思想基礎。啟蒙運動不僅改變了歐洲的政治和社會制度，也促進了科學、藝術及文學的發展，成為現代文明的重要組成部分。
75,9,第五冊,6,近代歐洲的變革,3,工業革命,技術創新、經濟發展,工業革命標誌著人類生產力的顯著提升和社會結構的深刻變革。在這一時期，技術創新是驅動工業革命進程的核心力量，特別是在紡織、冶金和動力機器等領域的進步使得生產效率大幅提高。蒸汽機的發明和應用，更是促成了交通運輸的革新，加速了商品和人力資源的流動。此外，經濟發展則體現在工廠制度的興起，生產方式的機械化以及資本市場的擴展，這些發展共同推動了都市化進程和人口遷徙，城市成為經濟活動的中心。這一切均深刻影響了歐洲乃至全世界的社會結構和日常生活，形成現代世界的基礎。
76,9,第六冊,1,現代國家的建立,1,美國獨立革命,殖民地不滿、獨立戰爭 美國獨立革命是18世紀末重要的政治事件，它以殖民地對宗主國英國的不滿為背景，因應不公正的稅制與政治權利缺失而觸發。殖民地人民開始抵制英國進口貨品，並組織大陸會議作為協調機構，強調自治權和公平代表權的重要性。隨著緊張情勢升溫，1775年爆發列星頓和康科德戰役，獨立戰爭自此開始。在喬治華盛頓的領導下，殖民地軍隊經歷了多場戰役，最終於1781年約克鎮戰役決定性地擊敗英軍。1783年簽訂巴黎和約，英國承認殖民地的獨立，美國成為新興的民主共和國，確立了人權與民主原則，對後世政治體系產生深遠影響。
77,9,第六冊,1,現代國家的建立,2,法國大革命,法國大革命的原因、法國大革命的過程,法國大革命是18世紀末在法國發生的一場深刻影響世界歷史的政治運動。其根本原因在於法國社會的階級矛盾與政治不平等，特別是第三階層的怨憤不滿。革命的導火線是路易十六的統治無能及財政危機。1789年，法國國會召開，第三階層宣佈成立國民議會，並要求制定憲法以限制王權，這標誌著革命的開始。隨後，巴黎群眾攻陷象徵君主專制的巴士底監獄。在此期間，法國頒布《人權宣言》，確立自由、平等、博愛的革命理念。最終，路易十六被推翻，法國進入共和時期。然而，革命也帶來了恐怖統治及政治不穩，凸顯了改革的複雜性與必要的權力平衡。
78,9,第六冊,1,現代國家的建立,3,拉丁美洲的獨立運動,宗主國與殖民地的權力關係、美洲獨立運動的影響,拉丁美洲的獨立運動是18至19世紀初的一系列重大事件。這時期的民族鬥爭主要受到啟蒙思想、北美獨立戰爭和法國大革命的影響。殖民地憤怒於宗主國的壓迫與剝削而掀起反抗，領導者如玻利瓦爾和聖馬丁在當地民眾的支持下一步步脫離西班牙和葡萄牙的控制。這些運動不僅改變了權力格局，也為日後的政治結構、國家身份和經濟發展奠定了基礎。然而，獨立後的拉丁美洲面臨政治不穩、經濟困難和內部分裂等挑戰，這些問題的萌芽可追溯至殖民時期的社會結構和經濟模式。
79,9,第六冊,1,現代國家的建立,4,德國與義大利的建國,民族統一、工業化,本節介紹了19世紀歐洲國家的民族主義運動，這對德國和義大利的統一起到了推動作用。德國在俾斯麥的領導下，透過多場戰爭如普奧戰爭和普法戰爭，成功地將各邦聯合，於1871年建立德意志帝國。義大利則在加里波第等愛國運動領袖的努力下，經由戰爭和外交手段逐步統一，最終在1861年成立義大利王國。這些國家的統一不僅促進了政治上的統合，還對各自的經濟發展尤其是工業化產生了積極影響，推動了它們在國際舞台上的崛起。通过分析這些歷史進程，我們能夠更好地理解現代國家的形成過程和影響。
80,9,第六冊,2,帝國主義與第一次世界大戰,1,19世紀帝國主義,殖民主義擴張、經濟競爭與利益衝突,本節介紹了19世紀帝國主義的背景及其帶來的影響。在這一時期，主要歐洲列強為了擴大其影響力和增加經濟利益，開始進行大量殖民地擴張。殖民主義不僅加速了各國間的經濟競爭，還導致國際間的利益衝突增加。這些競爭和衝突進而影響全球政治格局，成為之後國際緊張局勢的重要根源。此外，帝國主義還對被殖民國家的經濟、文化及社會結構造成深遠影響，促使各地人民開始對殖民主義進行不同程度的反抗和鬥爭，為後來的國家獨立浪潮奠定了基礎。在此背景下，世界各地的權力平衡開始轉變，並最終導致了第一次世界大戰的爆發。
81,9,第六冊,2,帝國主義與第一次世界大戰,2,第一次世界大戰,戰爭原因、戰爭過程,第一次世界大戰是由複雜的國際政治局勢和帝國主義競爭引發的全球衝突。主要的原因包括歐洲列強間的軍事同盟體系、民族主義的興起及經濟利益的衝突。戰爭初期主要由協約國和同盟國間的對抗構成，隨著時間的推移逐漸擴大為世界性戰爭。在這場戰爭中，西線的壕溝戰成為戰爭持久化的象徵，東線則因不同國家參與而不斷變化。戰爭過程中使用的科技和軍事策略也發生了顯著變化，最終以協約國的勝利結束戰爭。這場戰爭不僅改變了國際政治版圖，還深刻影響了後續的全球發展。
82,9,第六冊,2,帝國主義與第一次世界大戰,3,巴黎和會與國際聯盟,巴黎和會、國際聯盟,巴黎和會是戰後協商和平的重要會議，其中《凡爾賽條約》的簽署宣布了一戰的結束，並重新劃分了歐洲及其他地區的國界，深刻影響了世界格局。會議還成立了國際聯盟，旨在透過集體安全與國際合作來預防未來衝突。不過，和會的決策也引起許多批評，特別是對戰敗國的嚴苛處罰種下下一次大戰的禍根。儘管有著理想主義色彩，國際聯盟由於缺乏執行力和美國的缺席，終未能有效維護和平。整體而言，巴黎和會及國際聯盟的成立標誌著國際關係的新嘗試，但其成效也反映出當時國際政治的複雜性和局限性。
83,9,第六冊,3,戰間期與第二次世界大戰,1,戰間期的政經發展,經濟大蕭條、新經濟政策,戰間期是指第一次世界大戰結束後至第二次世界大戰爆發前的時間段，期間世界各國在政治與經濟領域均面臨多重挑戰。1929年的經濟大蕭條重創全球經濟，引發失業率激增與社會動盪，各國開始尋求新的經濟戰略來刺激復蘇。蘇聯在此時期實行新經濟政策，允許有限的市場經濟活動，以穩定其經濟結構。同時，地緣政治格局的變化也推動極權主義的興起，如意大利的法西斯主義和德國的納粹主義，各國在面對內外壓力時，選擇不同的發展模式，為後來的戰爭埋下伏筆。這些事件不僅深刻影響國內外政策，也為第二次世界大戰的爆發提供了背景與契機。
84,9,第六冊,3,戰間期與第二次世界大戰,2,第二次世界大戰,軸心國侵略、盟軍反攻,第二次世界大戰是人類歷史上規模最大且最具毀滅性的戰爭之一，涉及全球多個國家和地區。戰爭的起因可以追溯到第一次世界大戰後各國未解決的經濟和政治問題，尤其是德國、日本和義大利等國的侵略野心。1939年，德國入侵波蘭，隨即引發英法宣戰，正式標誌著二戰的開始。初期，軸心國迅速擴張，佔領了歐洲和亞太地區的大片土地。然而，盟軍的反攻在1941年後逐漸形成，關鍵戰役如大西洋戰役、斯大林格勒戰役和諾曼第登陸等逆轉了戰局。1945年，隨著柏林的陷落和日本的投降，戰爭宣告結束。戰後形成的兩極格局深刻影響了隨後的國際局勢。
85,9,第六冊,4,第二次世界大戰後的國際局勢,1,冷戰時代,美蘇冷戰、兩極化格局,冷戰時代是第二次世界大戰結束後至20世紀末的一段重要歷史時期，其特點是美國與蘇聯之間的意識形態、軍事與政治對抗，這段時期被稱為「冷戰」，因為兩國未爆發直接的全面戰爭。冷戰導致了全球兩極化格局的形成，東方以蘇聯為首的社會主義陣營與西方以美國為主的資本主義陣營對峙。這段時期的突出事件包括柏林圍牆的建造與拆除、古巴導彈危機、韓戰及越戰等。冷戰的影響深遠，涉及軍備競賽、太空競賽，以及不結盟運動的發展等。最終，在1991年蘇聯解體時，冷戰結束，標誌著美國為主的西方勢力佔據主導地位，進入後冷戰時代。
