num,year_grade,book,chapter_num,chapter_name,section_num,section_name,knowledge_spots,section_summary
1,8,第三冊,1,基本測量,1,實驗室安全,常用儀器、實驗安全,使用試管需夾住並傾斜加熱，量筒不可加熱，燒杯加熱須隔陶瓷纖維網，蒸發皿需放置其上加熱。酒精燈點燃須用火柴或點火槍，不可用嘴吹熄，溢出時用濕抹布蓋滅。加熱試管口不可對人，混合液體用玻棒攪拌。強酸稀釋時應將濃硫酸慢慢倒入水中並攪拌。實驗後廢液倒入廢液處理筒，玻璃儀器不得甩乾，以免破裂。要攪拌溶液的工具不能用溫度計。從瓶中取出化學藥品粉末，不能利用坩堝鉗。清洗試管內部，不能用刮勺。不慎被氫氧化鈉水溶液沾到身體時，不能以稀酸中和。不能直接在量筒內配製溶液。不能直接在量筒內進行化學反應。
2,8,第三冊,1,基本測量,2,長度體積的測量,測量紀錄、長度測量、體積測量,測量結果數字+單位。測量須使用標準單位，如公分、公尺。誤差來自 刻度、儀器、操作，可透過 多次測量取平均 降低誤差。液體測量時 凹液面取最低點，凸液面取最高點。測量技巧包含 排水法（適用沉體）。選擇適當單位可減少誤差，測量結果包含 準確值+估計值。完整的測量結果須包含整數部分和小數部分。凡測量免不了作估計，因此必有誤差。測量值應該準確到測量儀器的最小刻度下一位。測量工具的單位大小須選擇適當的，例如用刮勺來測量浴缸的水量是不適當的。測量結果的數字部分中，估計數字只能有一位，但不可能是 0。
3,8,第三冊,1,基本測量,3,質量的測量,質量、天平、質量測量,質量是物體所含物質的多少，標準單位為 公斤（kg），1kg = 1000g，1g = 1000mg。質量可用 天平測量，不隨地點改變，但無重力時（如太空）無法使用天平。測量時需 歸零，物體放左盤，砝碼放右盤，先大後小，調整 騎碼 使指針歸中。任何有 引力 的地方可測量質量，真空中亦可測，但太空失重時需其他方法測量。測量前發現天平指針偏右，想要歸零時，應調整校準螺絲
4,8,第三冊,1,基本測量,4,密度的測量,密度、密度計算、沉浮關係、混合密度,密度是 質量與體積的比值，公式 D = M / V，單位為 g/cm³ 或 kg/m³，1g/cm³ = 1000kg/m³。密度是 物理性質，不受質量與體積影響。質量與體積正比，密度與體積反比。混合物密度介於兩者之間。水在 4℃時密度最大會熱漲冷漲，其餘物質接熱漲冷縮。密度定義：單位體積內含物質的多少。同物質：密度不變，M ∝ V（質量與體積成正比）。異物質：密度不同，D 大則 M 同時大。浮沉關係：D 物 > D 液 → 下沉，D 物 < D 液 → 上浮，D 物 = D 液 → 懸浮
5,8,第三冊,2,認識物質,1,認識物質,能量、物質分類、物理化學變化、物理性質、物質分離法,能量類型包括 動能、電能、熱能、核能、位能、光能、化學能，可互相轉換。物質具有 質量與體積，分為 固態（固定形狀）、液態（固定體積）、氣態（無固定形狀）。物質分類可分為 純物質（元素、化合物） 和 混合物，純物質性質固定，混合物可任意比例混合。物質變化分為物理變化與化學變化。物理變化 不產生新物質（如溶解、狀態改變），化學變化 產生新物質（如燃燒、氧化）。物質性質分為 物理性質（顏色、密度、導電性） 和 化學性質（可燃性、腐蝕性）。混合物可用 過濾、蒸餾、結晶、層析 等方式分離。
6,8,第三冊,2,認識物質,2,溶液,溶液性質、溶液種類、濃度、飽和溶液、溶解度,溶液 是 均勻混合物，包含 溶質和 溶劑。水可溶解 固體、液體、氣體，但某些物質需 非水溶劑（如丙酮） 來溶解。溶液為 物理變化，可用 蒸餾、結晶等方法分離，且無固定熔點或沸點。溶液種類 包括 固態、液態、氣態。濃度 可用 體積百分率（如酒精濃度 45%） 或 重量百分率 來表示。飽和溶液 是指溶解達到極限。溶解度定義為每一百克戎既可溶解幾克的溶質， 受 溫度、壓力 影響，高溫增加固體溶解度，低溫增加氣體溶解度。壓力大時氣體溶解度上升，壓力小時氣體溶解度下降。
7,8,第三冊,2,認識物質,3,空氣的組成與性質,空氣的組成、收集氣體方法、氧氣製備、二氧化碳製備,空氣是 混合物，主要成分為 氮氣 (78%) 和 氧氣 (21%)，還含有其他氣體。氮氣 無色無臭，穩定性高，可用於 食品保鮮、燈泡填充。氧氣 有助燃性，供 生物呼吸與燃燒。二氧化碳 可滅火，檢驗方法為 澄清石灰水變白。氣體可用 排水集氣法、向上排氣法、向下排氣法 收集。氧氣可由雙氧水分解製備，二氧化碳可由鹽酸與大理石反應製備。
8,8,第三冊,3,波動與聲音,1,波的傳播,波的性質、波的種類、波的名詞、波的公式,波動是 能量傳遞的現象，但介質本身不會隨波移動。力學波 需介質，如 水波、聲波；非力學波 不需介質，如 光波、電波。橫波 振動方向與波前進方向垂直（如繩波），縱波 則平行（如聲波）。波的特性包含 波峰、波谷、波長、振幅、週期、頻率、波速，波速公式：v = fλ（波速 = 頻率 × 波長）。振幅越大能量越高，頻率越高波長越短。
9,8,第三冊,3,波動與聲音,2,聲音,聲波的構成、聲波的性質,聲音由 振動產生，需 介質（固體、液體、氣體） 傳播，為 縱波。固體傳聲最快，氣體最慢，在真空中無法傳播。聲音速率受 溫度、溼度、風速 影響，溫度越高傳聲越快。波以耳電鈴實驗 證明聲音需介質傳播，當空氣被抽出成真空，聲音消失。聲音高低與傳播速率無關，水中也能傳聲，水上芭蕾選手可聽音樂起舞。
10,8,第三冊,3,波動與聲音,3,回聲和超聲波,反射、回聲的性質、超聲波、聲波的應用,聲波遇障礙物會反射，遵守 反射定律（入射角=反射角），名詞：法線、入射線、反射線、入射角是入射線和法線的夾角、反射角，振幅減小但頻率不變。回聲 是反射回來的聲音，應用於 聲納、倒車雷達，但過多回聲會導致聲音混雜，可用 吸音板、傾斜天花板 減少干擾。超聲波（>20000Hz） 可探測 海底、潛水艇、醫學檢測，蝙蝠和狗能感知超聲波。超聲波具 高頻率、短波長、方向性強，可穿透物質並用於 清潔、探測與診斷。
11,8,第三冊,3,波動與聲音,4,聲音的變化,樂音、樂音三要素、樂器、聲波的共振,樂音 是樂器規律振動產生的聲音，分為 管樂、弦樂、打擊樂。聲音三要素：響度（振幅決定，單位為分貝）、音調（頻率決定，單位為 Hz）、音色（波形決定）。弦樂器 弦越細、短、緊，音調越高；管樂器 管越短，音調越高。共振 發生於頻率相同物體，可增強聲音響度，如樂器共振箱、耳膜振動。
12,8,第三冊,4,光學,1,光的直線前進,光的特性、光的傳播、直進性、針孔成像、光速,光是 電磁波，可在 真空中傳播，速率為 3×10⁸ m/s，比聲速快。光在 真空 > 氣體 > 液體 > 固體，進入密度較高介質時速率變慢。光沿 直線傳播，遇障礙物會形成 影子，應用於 日晷、日蝕、月蝕。針孔成像 上下顛倒、左右相反的實像，針孔越小影像越清晰。雷聲比閃電慢，是光速快於聲速的例證。可逆性
13,8,第三冊,4,光學,2,反射與面鏡,反射定律、平面鏡的成像、凹面鏡、凸面鏡,光遇介面改變方向稱 反射，遵守 反射定律（入射角=反射角）。單向反射 發生於光滑面，如 平面鏡，漫射 使物體可見。平面鏡成像為正立、等大、左右相反的虛像，且物距=像距。凹面鏡 聚光，可形成實像或虛像，應用於 探照燈、太陽爐。凸面鏡 發散光，僅形成縮小正立虛像，應用於 後照鏡、轉彎反光鏡。面鏡利用反射，透鏡則利用折射原理成像。
14,8,第三冊,4,光學,3,折射與透鏡,光速的變化、折射定律、凸透鏡、凹透鏡,魚看鳥變高，鳥看魚變淺。光進入不同介質時速率改變，導致 折射。光在 真空 > 氣體 > 液體 > 固體，速度快 → 慢時折射線 向法線偏折，反之則 遠離法線。常見現象如 水中筷子變折、海市蜃樓。光頻率不變，僅波長改變。透鏡分為凸透鏡（會聚）與凹透鏡（發散）。凸透鏡 可形成 實像或虛像，應用於 放大鏡、眼鏡、投影機。凹透鏡 只能產生 縮小正立虛像，應用於 近視眼鏡。實像倒立、虛像正立，成像特性取決於物體距離焦點的位置。
15,8,第三冊,4,光學,4,光學儀器,放大鏡成像、顯微鏡成像、相機成像、眼睛成像,放大鏡 是 凸透鏡，物體在焦點內形成 放大、正立、虛像。顯微鏡 利用 物鏡與目鏡的兩次折射，產生 放大、倒立、虛像。照相機 以 凸透鏡成縮小、倒立實像，透過調整鏡頭焦距對焦。眼睛 以 水晶體（凸透鏡） 成像於視網膜。近視因焦距過短（眼球過長），配戴凹透鏡矯正；遠視因焦距過長（眼球過短），配戴凸透鏡矯正。
16,8,第三冊,4,光學,5,光與顏色,光的色散、光的三原色、物體顏色、紅外光與紫外光,光的色散：牛頓發現陽光經 三稜鏡 會分成 紅、橙、黃、綠、藍、靛、紫，因為各色光在介質中速率不同，紅光波長最長、折射最小。光的三原色 為 紅、綠、藍，混合可形成白光。透明物體顏色取決於 透過的光，不透明物體則取決於 反射的光。紅外線 可用於 夜視、保溫，紫外線 可 殺菌、促進維生素 D 生成，但過量曝曬會傷害皮膚。
17,8,第三冊,5,熱學,1,溫度與溫度計,溫度計種類、測量原理、溫標、測量範圍,溫度 代表物體的 冷熱程度，可用 液體（膨脹）、氣體（體積變化） 測量。水銀溫度計 適用 高溫（-37℃～357℃），酒精溫度計 適用 低溫（-111℃～78℃）可加入染料觀測。額溫槍、耳溫槍：檢測紅外線輻射測溫。攝氏溫標 以 冰點 0℃、沸點 100℃，華氏溫標以 32℉、212℉ 為基準。體溫計底部狹窄設計可防止水銀回流。氣體溫度計靈敏度最高，水不適合作溫度計液體。轉換公式：C = 5/9(F - 32)，F = 9/5C + 32。
18,8,第三冊,5,熱學,2,熱量與比熱,熱量、熱平衡、比熱、單位換算,熱是能量並非物質，熱量是能量轉移的量，物體吸熱溫度上升，放熱溫度下降。熱量單位有卡、Kcal、焦耳，1卡=4.18J。熱平衡是溫度由高傳低直到相同。比熱是使1克物質升1°C所需熱量，水比熱最大，金屬比熱小。比熱大，溫度難變；比熱小，溫度易變。熱量計算公式H＝S×M×△T。兩物混合，平衡溫度介於兩者間。海水比熱大，沿海氣溫穩定，沙子比熱小，白天沙灘熱、晚上冷。工廠與汽車用水冷卻因其比熱大，吸熱能力強。
19,8,第三冊,5,熱學,3,熱的傳播方式,傳導、對流、輻射、生活應用,傳導：熱量透過接觸傳遞，主要發生在固體，如金屬導熱快、木頭導熱慢。對流：流體（氣體或液體）因密度變化產生流動，如暖空氣上升、冷空氣下降。輻射：熱能不需介質即可傳播，如太陽輻射加熱地球，深色物體吸熱較快。應用：鍋具導熱、保溫瓶阻擋熱流、白色建築減少吸熱。
20,8,第三冊,5,熱學,4,熱對物質的影響,物理變化、化學變化、熱脹冷縮、水的特殊現象,物體吸熱或放熱可能引起物理變化（體積膨脹、三態變化）或化學變化（燃燒、生食變成熟）。熱脹冷縮規律為氣體 > 液體 > 固體，但水在4°C時密度最大、升降溫皆膨脹，應用於鐵軌預留伸縮縫。物體受熱後體積大多膨脹，稱為熱脹冷縮，少數如青銅是熱縮冷脹。氣體熱脹程度最大，其次為液體，再來是固體。溫度計、鐵軌、橋梁伸縮縫等都利用熱脹冷縮原理。狀態改變則受溫度與壓力影響，樟腦、碘、乾冰能昇華。冰鹽混合可製冷至-21.2°C。熔化與汽化皆需吸熱，但溫度維持不變。酸鹼稀釋與中和皆為放熱反應。汽化包括蒸發與沸騰，蒸發發生於表面，沸騰發生於整體，並產生大量氣泡。蠟燭燃燒先經物理變化吸熱，後發生化學變化放熱。
21,8,第三冊,6,元素與原子,1,元素與化合物,純物質、元素、化合物、混合物,元素 定義：無法以普通化學方法再分解為更簡單的物質。例子：金、銅、白金、水銀、氫氣、氧氣、氬氣。化合物 定義：由兩種或兩種以上元素，以固定比例化合而成。例子：水、冰糖、食鹽、酒精、二氧化碳、葡萄糖。混合物 兩種以上純物質任意比例混合，沒有一定的性質，但各成分仍保有原物質特性。例：空氣、酒、糖水、食鹽水、不鏽鋼。。分離方法：溶解、過濾、蒸發結晶、蒸餾、分餾。分離原理：溶解度差異、顆粒大小差異、沸點差異。純物質與混合物的比較 純物質：有固定熔點、沸點。混合物：沒有一定的性質。
22,8,第三冊,6,元素與原子,2,認識元素,元素的命名、常見金屬元素、常見非金屬元素、常見氣體,金屬元素：大多數為銀灰色，導電、導熱性佳，有延展性，金：金色，活性小，常用於飾品、導線、抗腐蝕。銀：導電導熱性最強，應用於飾品、餐具、鏡面塗層。銅：紅棕色，導電性次於銀，製作電線、合金（黃銅、青銅）。鐵：含碳量影響特性，生鐵＞鋼＞熟鐵，廣泛用於建築與機械。鋁：密度小，抗氧化，常用於鋁合金、筆電外殼。鎢：熔點最高，作為燈絲。非金屬元素：電與熱的不良導體，無延展性，多為氣體或固體，矽：地殼中含量第二高，應用於玻璃、半導體。磷：白磷易燃，紅磷用於火柴與煙火。碳：鑽石、石墨。
23,8,第三冊,6,元素與原子,3,物質結構與原子,原子結構、質子、中子、電子,原子基本結構：原子由帶正電的質子、不帶電的中子、帶負電的電子組成。質量數 = 質子數 + 中子數。原子序：原子序等於質子數，決定元素的化學性質。電中性原子的質子數 = 電子數。電子排列：電子受到原子核吸引，在軌域中運動。原子質量大多集中於原子核，佔99.99%。質子數相同但中子數不同的稱為同位素。
24,8,第三冊,6,元素與原子,4,週期表,元素分類、族與週期、原子序,週期表按照原子序遞增排列，元素性質呈現規律性，具週期性。具有相似性質的元素排列在同一族，形成同族元素，化學性質相近。同族元素分類與性質：鹼金族（第1族）：如鈉（Na）、鉀（K），與水劇烈反應產生氫氣，具高活性，需儲存於礦物油中。鹼土族（第2族）：如鈣（Ca）、鎂（Mg）、鋇（Ba），與硫酸或碳酸反應產生白色沉澱，氧化物溶於水呈鹼性。鹵素（第17族）：如氟（F）、氯（Cl）、溴（Br）、碘（I），多具毒性，氟為氣態，溴為液態，碘為固態。惰性氣體（第18族）：如氦（He）、氖（Ne）、氬（Ar），化學性質穩定，以單原子形式存在，常用於燈泡與填充氣體。重點背誦原子序1~20的原子英文符號。以及常見離子價數。
25,8,第三冊,6,元素與原子,5,分子與化學式,分子種類、化學式、實驗式、示性式、結構式,分子種類：單原子分子：如惰性氣體(He、Ne)。雙原子分子：如氧氣(O₂)、氫氣(H₂)。多原子分子：如水(H₂O)、臭氧(O₃)。化學式表示方式：化學式是一種表示物質組成的方法，分為以下幾種：分子式 ：完整顯示分子內各元素的原子數，例如水 (H₂O) 由兩個氫原子與一個氧原子組成，二氧化碳 (CO₂) 由一個碳原子與兩個氧原子組成。實驗式 ：表示分子內各元素的最簡整數比，例如葡萄糖的分子式為 C₆H₁₂O₆，但其實驗式為 CH₂O，因為碳、氫、氧的比例可簡化為 1:2:1。示性式 ：強調分子的官能基與結構特徵，例如醋酸 (C₂H₄O₂) 可寫為 CH₃COOH。結構式：顯示分子內原子的排列方式與鍵結情況，例如水的結構式可寫為 H—O—H。
26,8,第四冊,1,化學反應,1,常見的化學反應,化學反應、常見反應,1. 化學反應是原子重新排列組成新物質的過程。2. 化學反應常伴隨氣體產生、沉澱物產生、顏色改變等容易觀察到的現象。3. 化學反應的能量變化有吸熱、放熱、放光等現象。物理變化僅改變物質狀態，如熔化、蒸發、溶解，本質不變。化學變化則改變分子結構，形成新物質。石灰水遇二氧化碳生成白色碳酸鈣沉澱。碳酸氫鈉加熱分解為碳酸鈉、二氧化碳與水，產生氣體可使石灰水混濁。大理石加稀鹽酸產生二氧化碳氣泡。放熱反應如硫酸與氫氧化鈉反應、鎂帶燃燒、凝結、暖暖包等；吸熱反應如水蒸發、光合作用、酒精揮發、鹽類溶解與冰熔化，皆會降低周圍溫度。
27,8,第四冊,1,化學反應,2,質量守恆定律,質量守恆定律,質量守恆定律由拉瓦節提出，指出化學反應前後總質量不變。實驗以氯化鈣與碳酸鈉反應產生白色碳酸鈣沉澱，總質量相等，驗證此定律。化學反應僅使原子重新排列，粒子種類與質量不變。密閉容器內總質量不變，若氣體逸散則質量減少，如大理石與稀鹽酸反應。此定律適用所有化學反應，證明物質不會憑空消失或無中生有。不論實驗質量是否減少，任何反應都符合質量守恆定律。總質量計算：A + B → C + D，若已知A、B、C質量，可求D = A + B - C。鋼絲絨生銹，因吸收氧氣導致質量增加。
28,8,第四冊,1,化學反應,3,反應式與化學計量,原子量、分子量、莫耳、計量,原子與分子質量極小，難以直接測量，於是採用相對質量比較，稱為原子量，以碳-12為基準（C=12）。原子量無單位，可比較不同原子質量，如氮（14）比氫（1）重14倍。莫耳（mol）概念應用於原子與分子，1莫耳即6.02 × 10²³個粒子，1莫耳的質量等於該物質的原子量或分子量（單位g/mol）。例如：C（12 g/mol）：1莫耳碳 = 12 g。分子量為化合物中所有原子量總和，例如：O₂：16 × 2 = 32 g/molH₂O：1 × 2 + 16 = 18 g/mol。莫耳計算應用：1莫耳H₂O = 18 g，即含 6.02 × 10²³個H₂O分子。54 g H₂O含H原子：3 × 2 mol = 6 mol H，O原子：3 × 1 mol = 3 mol O。莫耳數  *分子量 ＝ 質量 (g)。化學反應式顯示反應物與生成物的分子數、莫耳數與質量關係。例如：2Mg + O₂ → 2MgO可知：2莫耳Mg（48g）與1莫耳O₂（32g）完全反應，生成2莫耳MgO（80g）。計算步驟：列出平衡化學方程式。確定莫耳數比例（係數比=莫耳數比）。計算已知物質的莫耳數：莫耳數=質量÷分子量。依比例求未知物質的莫耳數
29,8,第四冊,2,氧化還原反應,1,氧化反應與活性,氧化反應、氧化物、物質燃燒,1. 氧化反應：物質與氧結合產生氧化物。2. 燃燒是劇烈的氧化。3. 氧化必定放熱。4.金屬氧化物溶於水呈鹼性，非金屬氧化物溶於水呈酸性。5. 鎂燃燒會放出強烈白光。6.金屬活性：金屬的氧化難易程度。7. 活性大的金屬 (IA族) 活性太大須儲存在礦物油中。8. 鋅、鋁金屬氧化後會形成緻密層，保護裡層金屬再被氧化。鋅（Zn）：黃綠火焰。形成黑色CuO。
30,8,第四冊,2,氧化還原反應,2,氧化與還原,還原反應、金屬活性、氧化還原,1. 還原反應：氧化物失去氧的過程。2. 氧化與還原反應必定相伴發生。3. 常見元素對氧活性表4. 活性越大的金屬，其氧化後的氧化物活性越小。活性小的元素形成的氧化物較不安定，易還原。氧化還原反應中，活性大的元素取代活性小的元素，如 Mg + CuO → Cu + MgO，Mg 被氧化，CuO 被還原。氧化劑被還原，還原劑被氧化。例如鎂在 CO₂ 中燃燒，產生白色 MgO 和黑色碳粒子。
31,8,第四冊,2,氧化還原反應,3,生活中的氧化還原,氧化還原的應用、煉鐵,氧化還原廣泛應用於日常生活，如燃燒、呼吸、鐵生鏽、光合作用等。氧化劑包含氧氣、雙氧水、硝酸等，還原劑如氫氣、碳、一氧化碳，抗氧化劑可減緩氧化作用，如維生素 C、E。漂白劑（如次氯酸）和二氧化硫用於消毒與漂白，但過量使用可能有害健康。煉鐵使用鐵礦（Fe₂O₃）、煤焦（C）、灰石（CaCO₃），透過高爐還原反應產生鐵（Fe）與熔渣（CaSiO₃），防止鐵氧化並可作為水泥原料。鐵分為生鐵（碳含量高，質脆）、熟鐵（碳含量低，質軟）、鋼鐵（碳含量適中，具延展性），依用途選用不同種類的鐵製品。
32,8,第四冊,3,電解質與酸鹼鹽,1,電解質,電解質、離子、解離說、莫耳濃度,電解質是溶於水後能導電並發生化學反應的化合物，包括酸（HCl、CH₃COOH）、鹼（NaOH、Ca(OH)₂）、鹽（NaCl、CuSO₄）。導電是因溶液中帶電離子移動，如H⁺向負極移動生成氫氣，陰離子則向正極移動生成氧氣。非電解質如酒精、葡萄糖，因不解離成離子，無法導電。實驗證實H₂SO₄、NaOH、KNO₃、CuSO₄為電解質，而酒精、蔗糖、澱粉則為非電解質。導電時，陽離子在負極析出，陰離子在正極析出。實驗前需用蒸餾水沖洗電極，避免污染影響結果。陽離子由原子失去電子形成，如Na⁺、K⁺，陰離子則由原子獲得電子形成，如Cl⁻、SO₄²⁻。離子顏色如Cu²⁺為藍色，MnO₄⁻為紫紅色，Cr₂O₇²⁻為橘紅色。電解質在水中解離為陽離子和陰離子，溶液保持電中性，如H₂SO₄ → 2H⁺ + SO₄²⁻。莫耳濃度 (M) 定義為每 1 公升溶液中含溶質的莫耳數，計算公式為 M = 溶質莫耳數 ÷ 溶液體積 (L)。稀釋公式：M₁L₁ = M₂L₂，溶質莫耳數不變。混合不同濃度溶液：總濃度 M = (M₁L₁ + M₂L₂) ÷ (L₁ + L₂)。重量百分濃度換算：先求溶質重量，再換算莫耳數，最後除以溶液體積求 M。
33,8,第四冊,3,電解質與酸鹼鹽,2,酸和鹼,酸、鹼、常見酸鹼,酸是溶於水能釋放 H⁺ 的物質，如鹽酸 (HCl)、硝酸 (HNO₃)，而鹼則是能釋放 OH⁻ 的物質，如氫氧化鈉 (NaOH)。酸能導電，遇金屬產生氫氣，與碳酸鈣反應產生二氧化碳，稀釋時放熱。硫酸 (H₂SO₄) 具脫水性、腐蝕性，是化學工業的重要酸。強酸 (如 HCl、H₂SO₄) 完全解離，導電性強；弱酸 (如醋酸 CH₃COOH) 部分解離，導電性弱。強鹼 (如 NaOH、KOH) 容易釋放 OH⁻，弱鹼 (如 NH₃、Al(OH)₃) 則不易解離。NaOH 為強鹼，能潮解並吸收 CO₂ 形成 Na₂CO₃，常用於製造肥皂、人造纖維。氨水 (NH₄OH) 溶解大量氨氣，為弱鹼，可製肥料 (如硫酸銨 (NH₄)₂SO₄)、尿素 (NH₂)₂CO，並用於清潔劑與塑膠製造。
34,8,第四冊,3,電解質與酸鹼鹽,3,酸鹼程度的表示,pH 值、酸鹼判斷、影響 pH 值的因素,pH 值由溶液中 [H⁺] 濃度決定，25°C 時，[H⁺] × [OH⁻] = 10⁻¹⁴ M²。溶液的酸鹼性判斷：中性溶液： [H⁺] = [OH⁻] = 10⁻⁷ M，pH = 7。酸性溶液： [H⁺] > 10⁻⁷ M，pH < 7。鹼性溶液： [H⁺] < 10⁻⁷ M，pH > 7。影響 pH 值的因素：加入酸：增加 [H⁺]，降低 pH 值。加入鹼：增加 [OH⁻]，提高 pH 值。稀釋溶液：酸性溶液 pH 上升，鹼性溶液 pH 下降。指示劑變色範圍：石蕊試紙：酸 → 紅，鹼 → 藍。酚酞溶液：酸 → 無色，鹼 → 紅範例計算：若 [H⁺] = 10⁻⁶ M，則 [OH⁻] = 10⁻⁸ M，溶液呈酸性，pH = 6。
35,8,第四冊,3,電解質與酸鹼鹽,4,酸鹼中和反應,鹽的生成、鹽的酸鹼、常見鹽類、酸鹼中和計算,1. 鹽的生成方式：酸 + 鹼 → 鹽 + 水。例：NaOH + HCl → NaCl + H₂O。活性金屬 + 稀酸 → 鹽 + 氫氣：例：Mg + 2HCl → MgCl₂ + H₂。2. 鹽類的酸鹼性。強酸 + 強鹼 → 中性鹽 (如 NaCl、KNO₃)。強酸 + 弱鹼 → 酸性鹽 (如 CuSO₄、AgNO₃)。弱酸 + 強鹼 → 鹼性鹽 (如 Na₂CO₃、CH₃COONa)3. 常見鹽類：氯化鈉 (NaCl)：海水蒸發製得，可用於食鹽、電解產生氯氣、氫氣和 NaOH。碳酸鈣 (CaCO₃)：灰石、大理石主要成分，加熱可分解成氧化鈣和二氧化碳。碳酸鈉 (Na₂CO₃) 與碳酸氫鈉 (NaHCO₃)：前者為強鹼性，後者為弱鹼性，常用於清潔、焙粉。4. 酸鹼中和計算公式：H⁺ 莫耳數 = OH⁻ 莫耳數。M₁ × V₁ = M₂ × V₂。範例計算：0.2 M 鹽酸 20 mL，需 0.5 M NaOH 幾 mL？(0.2 × 20) = (0.5 × X) → X = 8 mL5. pH 與酸鹼中和。pH = 1 的 H₂SO₄ (40 mL)，需 pH = 12 的 Ba(OH)₂ 幾 mL？0.1 × 40 = 0.01 × X → X = 400 mL
36,8,第四冊,4,反應速率與平衡,1,反應速率,反應速率定義、影響反應速率的因素、催化劑,反應速率定義：化學反應的快慢程度。反應速率 = 反應物消耗量或生成物生成量 ÷ 時間 (單位：t⁻¹)。影響反應速率的因素。物質本性：活性大的物質反應快，活性小的反應慢。例：鈉與氧反應劇烈，鐵氧化則較慢。接觸面積：總表面積越大，反應越快。例：木材削成細條比整塊木頭更易燃燒。濃度：反應物濃度越高，反應速率越快。例：純氧助燃比空氣中的氧更劇烈。溫度：溫度越高，反應越快 (正向非正比關係)。例：食物放冰箱較不易腐敗。催化劑：改變反應速率但本身質量與性質不變。不改變總產量、平衡係數與平衡狀態。生物體內的酵素為生物催化劑，工業上則用特定催化劑。催化劑具選擇性和專一性。例：二氧化錳催化雙氧水分解、哈柏法製氨用鐵粉催化。
37,8,第四冊,4,反應速率與平衡,2,可逆反應與平衡,可逆反應、動態平衡、影響平衡的因素,可逆反應是指正反應與逆反應同時存在的反應，當正反應速率等於逆反應速率時，系統達到動態平衡，表面上濃度不變，但反應仍持續進行。平衡只能存在於密閉系統，且受濃度、溫度、壓力影響。濃度增加，平衡往減少該物質的方向移動；溫度升高有利於吸熱反應，降低則有利於放熱反應；壓力升高，平衡往氣體體積較小方向移動。催化劑可加快反應速率，但不改變平衡位置。例如鉻酸鉀與二鉻酸鉀的平衡，酸性環境下平衡右移，顏色由黃變橘；鹼性環境則左移，顏色由橘變黃。
38,8,第四冊,5,有機化合物,1,認識有機化合物,有機化合物定義、有機化合物的種類、天然氣與液化石油氣,有機化合物是含碳的化合物，常見類型包括烴類、醇類、酸類、酯類、醣類等，和碳酸鹽、碳氧化物、氰化物這些無機含碳化合物不同。有機化合物的結構多變，可能是鏈狀、環狀或網狀，且種類遠多於無機化合物。燃燒後產生CO2代表含碳，產生H2O代表含氫。天然氣主要成分為甲烷，液化石油氣則以丙烷和丁烷為主。兩者燃燒皆產生CO2和H2O。有機化合物多數來源於化石燃料，如石油、煤與天然氣，透過分解或分離取得，再進行化學合成，形成日常生活中各種塑膠、清潔劑、藥品等有機產品。
39,8,第四冊,5,有機化合物,2,常見的有機化合物,同分異構物、烴類、醇類、有機酸、酯類,有機化合物是含碳的化合物，性質受原子種類、數目與排列方式影響。有機化合物可分為烴類、醇類、酸類、酯類等。同分異構物是分子式相同但結構不同的化合物，如甲醚和乙醇。烴類是只含碳、氫的有機物，分為鏈狀與環狀，依飽和程度又分為烷、烯、炔。烴類不溶於水，燃燒產生CO2和H2O，不完全燃燒則生成CO，可能導致中毒。醇類通式CnH2n+1OH，如甲醇、乙醇，具溶水性，乙醇可發酵製得並具殺菌效果。有機酸通式CnH2n+1COOH，如甲酸、乙酸，呈弱酸性，易溶於水。酯類由有機酸與醇在濃硫酸催化下形成，「A酸+B醇->A酸B酯」，具水果香味，常作香料及調味劑，天然脂肪則是脂肪酸甘油酯的混合物。植物油高溫加熱易產生反式脂肪，危害健康。
40,8,第四冊,5,有機化合物,3,聚合物與衣料纖維,聚合物、聚合物種類、衣料纖維,聚合物是由許多小單元（單體）連接形成的巨大分子，又稱高分子化合物。依來源分為天然聚合物和合成聚合物。天然聚合物如澱粉、纖維素、蛋白質和天然橡膠；合成聚合物則包括合成纖維（如尼龍）、合成橡膠、合成塑膠（如PE、PVC、PS）。聚合物依結構分為鏈狀聚合物（熱塑性）與網狀聚合物（熱固性）。鏈狀聚合物加熱會熔化，冷卻後硬化，可回收，如寶特瓶、保麗龍。網狀聚合物為立體結構，高溫不易變形，無法回收，如輪胎、電路板等。衣料纖維分為天然與人造兩類。天然纖維包括植物纖維（麻、棉）與動物纖維（羊毛、蠶絲），燃燒時分別有紙張與羽毛氣味。人造纖維分為再生纖維（醋酸纖維、螺縈）與合成纖維（耐綸），再生纖維吸水佳，合成纖維易洗快乾，但吸水性差。
41,8,第四冊,5,有機化合物,4,有機物在生活中的應用,肥皂與清潔劑、皂化反應,肥皂由油脂與鹼反應生成，屬於鹽類，具親油端與親水端，去污時可將油污包裹形成乳化作用。合成清潔劑則由石化原料製成，可依需求選擇中性或其他性質，適用於硬水且洗滌力佳，不易受水中鈣鎂影響。肥皂在硬水中易形成皂垢，影響清潔效果，且對動物纖維清洗不佳。皂化反應』：油脂＋氫氧化鈉→ 脂肪酸鈉(肥皂)＋甘油(丙三醇)。肥皂製造時，因油脂與氫氧化鈉無法互溶，需加入酒精作溶劑，幫助混合並提高反應速率。反應後，利用鹽析法加入飽和食鹽水分離肥皂與甘油，肥皂浮在上層，甘油沉在下層。
42,8,第四冊,6,力與壓力,1,力與平衡,力的種類、力的單位、力的三要素、兩力平衡、力的測量,力的效應包含讓物體發生形變或運動狀態改變，力分為接觸力與非接觸力。接觸力如拉力、浮力，非接觸力如萬有引力、磁力。力的三要素是大小、方向與作用點，單位為牛頓(N)，1kgw=9.8N。兩力平衡條件是大小相等、方向相反且作用在一直線上。彈簧受力遵循虎克定律，伸長量與外力成正比。合力是多個力的總效果，兩力合成時同向相加，反向相減，夾角時需用平行四邊形法則求合力。測量力常用彈簧，依虎克定律，彈簧伸長量與外力成正比，公式為F＝K×ΔL。
43,8,第四冊,6,力與壓力,2,摩擦力,摩擦力、影響摩擦力的因素、動摩擦力、靜摩擦力,摩擦力是阻止物體相對運動的力，發生於兩物體接觸面上。摩擦力與接觸面平行，方向和運動趨勢相反。其大小與接觸面積無關，而和接觸面材質及正向力成正比。接觸面越粗糙、正向力越大，摩擦力也越大。靜摩擦力是物體受力後仍靜止時的摩擦力，大小會隨施力增加；最大靜摩擦力是物體開始滑動瞬間的摩擦力；動摩擦力是物體滑動時的摩擦力，大小固定，與施力無關。最大靜摩擦力比動摩擦力大。
44,8,第四冊,6,力與壓力,3,壓力,壓力、固體壓力、液體壓力、氣壓,壓力是單位面積上所受的正向力，固體壓力公式為P=F/A，與面積成反比，與正向力成正比。液體壓力公式為P=h×d，深度越深、密度越大，壓力越大。大氣壓力標準為1atm=76cmHg=1013hPa。連通管原理說明，底部相通的液體會保持相同液面高度。帕斯卡定理指出，密閉液體所受壓力可均勻傳遞，並可放大作用力，計算為F小/A小=F大/A大。標準大氣壓可支撐76cm高水銀柱=1013hPa。
45,8,第四冊,6,力與壓力,4,浮力,浮力、液體中的沉浮、浮力的應用,浮力是物體浸入流體中所受到的向上作用力，方向與重力相反。浮力大小B=V液面下×D液，與液面下體積和液體密度有關。當物體密度小於液體密度時，物體浮起；密度相等時，懸浮；密度大於液體時，沉底。浮體受力時，浮力等於重力；懸浮體浮力等於重力；沉體則浮力小於重力。應用上，如魚利用魚鰾調整密度控制浮沉，熱氣球藉由氣體浮力上升。阿基米德原理指出浮力等於排開液體的重量，是浮力計算的重要依據。
46,9,第五冊,1,直線運動,1,單擺的等時性,時間的單位、單擺、等時性,自然界三大基本物理量為長度、質量與時間。時間單位包括太陽日與平均太陽日，一年約365.25天，每四年一閏年，一天等於86400秒。單擺是細繩懸掛重物的裝置，來回擺動形成振動。週期(T)為完成一次振動所需時間，頻率(f)為每秒振動次數，單位為赫茲(Hz)。單擺週期具等時性，與擺角、質量無關，只與擺長及地點重力加速度有關，擺長越長週期越大，擺長越短週期越小，這原理被應用於老式鐘擺、節拍器調速。
47,9,第五冊,1,直線運動,2,位移與路徑長,位置、位移、路徑長,敘述物體位置時，需選定「參考點」並描述相對於參考點的「方向」與「距離」，如「達人家門口右邊30公尺」。描述平面位置時，參考點設為「原點」，左右、上下位置可用正負數表示。路徑長是物體移動的總長度，無方向性，僅描述「數值」。位移是起點到終點的最短直線距離，有方向性，需描述「大小」與「方向」。位移計算為∆X＝X末－X初，正負表示方向。位移和路徑長單位相同，常用cm、m、km。若位移為正，表示沿正方向移動；為負則沿負方向移動；為零則起點終點相同。
48,9,第五冊,1,直線運動,3,速率與速度,速率、速度、等速運動,速率是單位時間內物體走過的距離，無方向性，為標量，僅描述快慢，計算公式為v=ℓ/Δt；若Δt短為瞬時速率，若Δt長為平均速率。速度是單位時間內的位移，具方向性，為向量，描述快慢與方向，計算為v=ΔX/Δt。速率必為正，速度可正可負。路徑長≧位移，故平均速率≧平均速度。等速度運動中，方向與快慢皆不變，平均速度=瞬時速度=平均速率=瞬時速率。等速率運動僅快慢不變，方向可變。打點計時器每隔固定時間打下一點，紙帶點距可反映運動狀態。
49,9,第五冊,1,直線運動,4,加速度,加速度、等加速度運動,加速度運動是指物體運動狀態隨時間改變，包括速度大小或方向改變。加速度是單位時間內速度變化量，公式為a=ΔV/Δt，單位為m/s²。當速度與加速度方向相同，物體加速；方向相反則減速。等加速度運動是指加速度固定的運動，例如自由落體運動，初速為0，加速度為g=9.8m/s²，位置、速度與時間關係可用公式V=gt、h=½gt²、V²=2gh描述。自由落體的速度-時間圖為一條通過原點的斜直線，斜率即為g。
50,9,第五冊,2,力與運動,1,牛頓第一運動定律,牛頓第一運動定律,亞里斯多德認為，物體在水平地面上運動時，若不持續施力，最終會靜止。伽利略則提出，物體靜止是因摩擦力作用，若無外力，物體可保持等速度運動。牛頓根據伽利略的理論，提出第一運動定律—慣性定律，內容為：物體若不受外力或合力為零，靜止物體會保持靜止，運動物體則保持等速度直線運動。慣性是物體維持原運動狀態的性質，質量越大，慣性越大；圓周運動中，旋轉半徑越大，轉動慣性也越大。「牛一：慣性，靜者恆靜、動者恆坐等速度運動。」
51,9,第五冊,2,力與運動,2,牛頓第二運動定律,牛頓第二運動定律,牛頓第一運動定律說明，物體若不受外力或合力為零，則靜止物體保持靜止，運動物體保持等速度直線運動。而牛二則是說明，若物體受合力作用，運動狀態將改變，並沿合力方向產生加速度，加速度方向與合力方向相同。加速度運動包括：方向不變但快慢改變、方向改變但速率不變、方向與快慢皆改變。加速度大小與合力成正比，與質量成反比，關係式為F=ma。單位1牛頓為使1公斤物體產生1 m/s²加速度的力。質量、重力加速度和重力方向相同；加速度與合力方向相同。
52,9,第五冊,2,力與運動,3,牛頓第三運動定律,牛頓第三運動定律,牛頓第三運動定律指出，物體A對物體B施力時，B同時會對A施予大小相等、方向相反的反作用力，且作用於不同物體上，因此不會互相抵消，並同時產生同時消失。物體重量為地球吸引物體的力，反作用力則是物體吸引地球的力。作用力與反作用力與平衡力不同，平衡力作用在同一物體上，能互相抵消；作用反作用力則作用在不同物體上，無法互抵。外力作用在系統外部，能改變物體運動狀態；內力為物體內部的相互作用力，無法改變整體運動。
53,9,第五冊,2,力與運動,4,圓周運動和萬有引力,萬有引力、圓周運動,重量是物體受地球引力作用的大小，屬於力的一種，單位為公斤重或公克重，與質量不同。質量描述物質的本身量，不因地點改變；重量則隨地點變化，例如地球的引力是月球的6倍。萬有引力定律指出，具有質量的兩物體會互相吸引，萬有引力大小與質量成正比，與距離平方成反比。萬有引力是提供星球繞行的向心力，使其作圓周運動。等速率圓周運動方向持續改變，存在向心力，方向指向圓心。若向心力消失，物體會沿切線方向飛出。
54,9,第五冊,3,功與能,1,攻與功率,,
55,9,第五冊,3,功與能,2,動能、位能與能量守恆,,
56,9,第五冊,3,功與能,3,力矩,,
57,9,第五冊,3,功與能,4,簡單機械,,
58,9,第五冊,4,電學,1,靜電,,
59,9,第五冊,4,電學,2,電路與電壓,,
60,9,第五冊,4,電學,3,電流,,
61,9,第五冊,4,電學,4,電阻,,
62,9,第六冊,1,電流的化學效應,1,伏打電池,,
63,9,第六冊,1,電流的化學效應,2,生活中的電池,,
64,9,第六冊,1,電流的化學效應,3,電流的化學效應,,
65,9,第六冊,2,電流的熱效應,1,電流的熱效應,,
66,9,第六冊,2,電流的熱效應,2,電與生活,,
67,9,第六冊,3,電流的磁效應,1,磁鐵,,
68,9,第六冊,3,電流的磁效應,2,磁場,,
69,9,第六冊,3,電流的磁效應,3,電流磁效應,,
70,9,第六冊,3,電流的磁效應,4,電磁鐵、電動機與電話,,
71,9,第六冊,3,電流的磁效應,5,電磁感應,,